DATE,T10Y3M,UNRATE,RPIT,PAYEMS,INDPRO,RSAFS,CORP,HTS,CPIAI,SP500R,USREC,USREC1,USREC3,USREC6,USREC12
1/1/1982,1.676,8.6,5419.4,90565,48.7979,944.1026194,1.92,0.21,94.4,-0.0191,1,1,1,1,0
2/1/1982,0.146111111,8.9,5439.4,90563,49.7942,965.9830918,1.91,0.199,94.7,-0.0274,1,1,1,1,0
3/1/1982,0.546521739,9,5435,90434,49.459,957.1888827,2.24,0.194,94.7,0.0547,1,1,1,1,0
4/1/1982,0.527142857,9.3,5466.4,90150,49.0072,958.5766927,2.32,0.206,95,0.0057,1,1,1,1,0
5/1/1982,0.9085,9.4,5468.1,90107,48.6784,960.0168061,2.38,0.203,95.9,-0.0527,1,1,1,1,0
6/1/1982,1.220909091,9.6,5445.2,89865,48.5529,933.9580508,2.11,0.193,97,0.0024,1,1,1,0,0
7/1/1982,2.082857143,9.8,5425.2,89521,48.3859,945.6348807,2.19,0.174,97.5,0.0079,1,1,1,0,0
8/1/1982,4.057727273,9.8,5436.7,89363,47.9495,939.0813856,2.61,0.168,97.7,0.1210,1,1,1,0,0
9/1/1982,4.146190476,10.1,5425.8,89183,47.8258,951.8835667,2.69,0.171,97.7,0.0888,1,1,0,0,0
10/1/1982,2.939,10.4,5415.4,88907,47.3656,959.0184405,2.61,0.159,98.1,0.0450,1,1,0,0,0
11/1/1982,2.204210526,10.8,5419.9,88786,47.2148,974.8871867,2.62,0.164,98,0.0136,1,0,0,0,0
12/1/1982,2.337272727,10.8,5451.9,88771,46.8797,978.0505455,2.31,0.176,97.7,0.0393,0,0,0,0,0
1/1/1983,2.34,10.4,5458.2,88990,47.7491,969.5479405,2.15,0.177,97.9,0.0213,0,0,0,0,0
2/1/1983,2.330526316,10.4,5458.5,88917,47.4548,971.2360823,1.94,0.167,98,0.0387,0,0,0,0,0
3/1/1983,1.846956522,10.3,5480.2,89090,47.8516,996.0948766,1.88,0.191,98.1,0.0420,0,0,0,0,0
4/1/1983,1.8865,10.2,5489.2,89364,48.4511,991.7668013,1.78,0.166,98.8,0.0442,0,0,0,0,0
5/1/1983,1.884285714,10.1,5514.5,89644,48.7542,1004.317836,1.63,0.163,99.2,0.0175,0,0,0,0,0
6/1/1983,1.709090909,10.1,5529.9,90021,49.0496,1025.4185,1.63,0.175,99.4,0.0071,0,0,0,0,0
7/1/1983,1.9275,9.4,5562.4,90437,49.7773,1027.29442,1.24,0.184,99.8,-0.0241,0,0,0,0,0
8/1/1983,2.106956522,9.5,5555.9,90129,50.3727,1008.964382,1.13,0.198,100.1,0.0331,0,0,0,0,0
9/1/1983,2.292380952,9.2,5604.1,91247,51.098,1025.152894,1.18,0.193,100.4,0.0065,0,0,0,0,0
10/1/1983,2.553,8.8,5668.5,91520,51.4993,1036.919508,1.21,0.208,100.8,-0.0114,0,0,0,0,0
11/1/1983,2.578947368,8.5,5703.9,91875,51.727,1047.30163,1.2,0.226,101.1,-0.0013,0,0,0,0,0
12/1/1983,2.471904762,8.3,5755.7,92230,51.9886,1050.769519,1.18,0.225,101.4,0.0158,0,0,0,0,0
1/1/1984,2.41047619,8,5777.9,92673,53.0175,1067.243568,1.45,0.212,102.1,-0.0511,0,0,0,0,0
2/1/1984,2.382631579,7.8,5819.3,93157,53.2651,1060.78913,1.51,0.251,102.6,0.0044,0,0,0,0,0
3/1/1984,2.429545455,7.8,5856.2,93429,53.5145,1050.258175,1.42,0.243,102.9,0.0051,0,0,0,0,0
4/1/1984,2.5605,7.7,5896.5,93792,53.8319,1065.608582,1.5,0.263,103.3,-0.0025,0,0,0,0,0
5/1/1984,3.185454545,7.4,5912.7,94098,54.1204,1070.493666,1.46,0.287,103.5,-0.0185,0,0,0,0,0
6/1/1984,3.302380952,7.2,5961.8,94479,54.3133,1083.710914,1.5,0.279,103.7,-0.0091,0,0,0,0,0
7/1/1984,2.831428571,7.5,5978.9,94789,54.4644,1062.580187,1.71,0.303,104.1,0.0921,0,0,0,0,0
8/1/1984,1.815652174,7.5,6019.6,95032,54.53,1053.655713,1.76,0.273,104.4,0.0141,0,0,0,0,0
9/1/1984,1.726842105,7.3,6075.2,95344,54.3775,1065.544699,1.69,0.297,104.7,-0.0041,0,0,0,0,0
10/1/1984,2.035909091,7.4,6049.7,95629,54.3528,1066.630564,1.31,0.3,105.1,0.0129,0,0,0,0,0
11/1/1984,2.647894737,7.2,6083.4,95982,54.5344,1084.923663,1.19,0.33,105.3,-0.0071,0,0,0,0,0
12/1/1984,3.162,7.3,6112.7,96107,54.5608,1078.29572,1.27,0.296,105.5,0.0470,0,0,0,0,0
1/1/1985,3.364285714,7.3,6106.5,96372,54.5342,1084.379737,1.18,0.298,105.7,0.0579,0,0,0,0,0
2/1/1985,2.951666667,7.2,6111.5,96503,54.7019,1089.820618,1.1,0.292,106.3,-0.0048,0,0,0,0,0
3/1/1985,3.025238095,7.2,6140.2,96842,54.7739,1090.234259,1.13,0.309,106.8,0.0102,0,0,0,0,0
4/1/1985,3.212857143,7.3,6128.2,97038,54.6662,1102.260632,1.28,0.297,107,0.0274,0,0,0,0,0
5/1/1985,3.113636364,7.2,6144.9,97312,54.7472,1107.10222,1.43,0.291,107.2,0.0251,0,0,0,0,0
6/1/1985,2.976,7.4,6171.1,97459,54.7211,1097.857414,1.46,0.293,107.5,0.0225,0,0,0,0,0
7/1/1985,2.990454545,7.4,6169.5,97648,54.4381,1097.735004,1.46,0.276,107.7,-0.0185,0,0,0,0,0
8/1/1985,2.961363636,7.1,6180.7,97840,54.619,1111.415753,1.45,0.277,107.9,-0.0188,0,0,0,0,0
9/1/1985,3.04,7.1,6209.5,98045,54.82,1140.626745,1.41,0.295,108.1,0.0150,0,0,0,0,0
10/1/1985,2.835909091,7.1,6242.3,98233,54.6304,1103.46307,1.34,0.298,108.5,0.0642,0,0,0,0,0
11/1/1985,2.305263158,7,6252.6,98443,54.8176,1103.701118,1.44,0.289,109,0.0529,0,0,0,0,0
12/1/1985,1.929047619,7,6295.7,98609,55.3596,1112.39501,1.42,0.324,109.5,0.0075,0,0,0,0,0
1/1/1986,1.891904762,6.7,6277.3,98732,55.6511,1119.085552,1.39,0.279,109.9,0.0570,0,0,0,0,0
2/1/1986,1.413684211,7.2,6310.2,98847,55.27,1110.678931,1.44,0.245,109.7,0.0618,0,0,0,0,0
3/1/1986,1.0145,7.2,6369.7,98934,54.8828,1109.039611,1.5,0.261,109.1,0.0274,0,0,0,0,0
4/1/1986,1.063636364,7.1,6390.2,99121,54.9456,1120.219345,1.4,0.27,108.7,0.0049,0,0,0,0,0
5/1/1986,1.374761905,7.2,6394.4,99248,55.0535,1133.359096,1.2,0.264,109,0.0313,0,0,0,0,0
6/1/1986,1.402857143,7.2,6395.7,99155,54.837,1130.409682,1.21,0.283,109.4,-0.0180,0,0,0,0,0
7/1/1986,1.303636364,7,6416.9,99473,55.1716,1133.23223,1.28,0.271,109.5,0.0228,0,0,0,0,0
8/1/1986,1.48047619,6.9,6441.9,99588,55.0792,1143.780753,1.46,0.275,109.6,-0.0246,0,0,0,0,0
9/1/1986,2.095238095,7,6448,99934,55.2317,1206.58213,1.31,0.274,110,-0.0009,0,0,0,0,0
10/1/1986,2.103181818,7,6448.9,100121,55.4645,1153.985402,1.38,0.277,110.2,0.0353,0,0,0,0,0
11/1/1986,1.750555556,6.9,6461.9,100308,55.6854,1146.54952,1.39,0.277,110.4,0.0171,0,0,0,0,0
12/1/1986,1.43,6.6,6485.2,100509,56.212,1194.013887,1.48,0.297,110.8,0.0667,0,0,0,0,0
1/1/1987,1.5065,6.6,6473.4,100678,56.0012,1110.934347,1.36,0.259,111.4,0.0646,0,0,0,0,0
2/1/1987,1.499473684,6.6,6493.4,100919,56.7438,1162.118365,1.27,0.279,111.8,0.0438,0,0,0,0,0
3/1/1987,1.482727273,6.6,6511.4,101164,56.8235,1165.83235,1.25,0.282,112.2,-0.0086,0,0,0,0,0
4/1/1987,2.207142857,6.3,6507.7,101499,57.1954,1170.166283,1.19,0.285,112.7,0.0017,0,0,0,0,0
5/1/1987,2.7665,6.3,6542.1,101728,57.5498,1166.848551,1.18,0.289,113,0.0450,0,0,0,0,0
6/1/1987,2.547727273,6.2,6546.4,101900,57.8603,1177.763131,1.2,0.278,113.5,0.0312,0,0,0,0,0
7/1/1987,2.567727273,6.1,6570.7,102247,58.2501,1182.404849,1.19,0.283,113.8,0.0645,0,0,0,0,0
8/1/1987,2.527142857,6,6613.8,102420,58.6889,1199.218079,1.13,0.306,114.3,-0.0303,0,0,0,0,0
9/1/1987,2.80047619,5.9,6622.5,102647,58.9137,1179.284692,1.13,0.299,114.7,-0.1185,0,0,0,0,0
10/1/1987,3.169047619,6,6670.6,103138,59.7083,1172.195073,1.1,0.283,115,-0.1230,0,0,0,0,0
11/1/1987,2.970526316,5.8,6709.9,103372,60.0022,1172.553718,1.22,0.316,115.4,-0.0133,0,0,0,0,0
12/1/1987,3.028181818,5.7,6793.8,103661,60.3336,1185.13096,1.18,0.291,115.6,0.0425,0,0,0,0,0
1/1/1988,2.661052632,5.7,6765.9,103753,60.3186,1185.03187,1.19,0.313,116,0.0333,0,0,0,0,0
2/1/1988,2.3695,5.7,6800.9,104214,60.6209,1190.980413,1.22,0.341,116.2,0.0323,0,0,0,0,0
3/1/1988,2.503478261,5.7,6808.8,104489,60.7591,1208.371141,1.18,0.334,116.5,-0.0089,0,0,0,0,0
4/1/1988,2.6355,5.4,6839.6,104732,61.1144,1195.729353,1.23,0.344,117.2,-0.0219,0,0,0,0,0
5/1/1988,2.634761905,5.6,6848.1,104962,60.9952,1203.303651,1.14,0.335,117.5,0.0600,0,0,0,0,0
6/1/1988,2.257272727,5.4,6876.1,105326,61.1697,1203.953042,1.14,0.329,118,-0.0031,0,0,0,0,0
7/1/1988,2.108,5.4,6911.5,105550,61.1749,1202.26889,1.15,0.329,118.5,-0.0172,0,0,0,0,0
8/1/1988,1.960869565,5.6,6929.8,105674,61.4851,1204.093743,1.1,0.307,119,0.0193,0,0,0,0,0
9/1/1988,1.499047619,5.4,6946.2,106013,61.2844,1195.141522,1.08,0.337,119.5,0.0380,0,0,0,0,0
10/1/1988,1.1985,5.4,6989.1,106276,61.5595,1216.239159,0.9,0.347,119.9,-0.0202,0,0,0,0,0
11/1/1988,0.934,5.3,6988,106617,61.7128,1222.299136,1.03,0.356,120.3,0.0233,0,0,0,0,0
12/1/1988,0.757142857,5.3,7026,106898,61.9983,1226.969911,1.08,0.339,120.7,0.0351,0,0,0,0,0
1/1/1989,0.533,5.4,7072.7,107161,62.1789,1230.850364,1.03,0.355,121.2,0.0330,0,0,0,0,0
2/1/1989,0.332105263,5.2,7093,107427,61.9074,1210.383207,0.97,0.323,121.6,-0.0016,0,0,0,0,0
3/1/1989,0.215454545,5,7121.5,107621,62.0592,1211.340268,0.87,0.3,122.2,0.0356,0,0,0,0,0
4/1/1989,0.213,5.2,7099.5,107791,62.0424,1224.970497,0.82,0.326,123.1,0.0412,0,0,0,0,0
5/1/1989,0.123181818,5.2,7066.7,107913,61.6948,1227.161518,0.89,0.325,123.7,0.0339,0,0,0,0,0
6/1/1989,-0.157272727,5.3,7084,108027,61.6915,1223.573838,0.93,0.319,124.1,0.0280,0,0,0,0,0
7/1/1989,-0.1285,5.2,7108.6,108069,61.0978,1225.740473,0.94,0.306,124.5,0.0469,0,0,0,0,0
8/1/1989,-0.057391304,5.2,7120.2,108120,61.6949,1244.916878,0.92,0.313,124.5,0.0046,0,0,0,0,1
9/1/1989,0.176,5.3,7137.5,108369,61.4839,1240.710986,0.9,0.299,124.8,0.0029,0,0,0,0,1
10/1/1989,0.108095238,5.3,7172.8,108476,61.4105,1221.128185,0.89,0.311,125.4,-0.0181,0,0,0,0,1
11/1/1989,-0.06952381,5.4,7175.1,108752,61.6172,1226.913448,0.92,0.302,125.9,0.0274,0,0,0,0,1
12/1/1989,-0.0435,5.4,7185.9,108836,61.9635,1226.189203,0.96,0.277,126.3,-0.0221,0,0,0,0,1
1/1/1990,0.308571429,5.4,7184.9,109188,61.644,1252.700929,0.95,0.298,127.5,-0.0253,0,0,0,0,1
2/1/1990,0.471052632,5.3,7210.5,109432,62.2108,1238.149337,0.92,0.297,128,0.0271,0,0,0,1,1
3/1/1990,0.418636364,5.2,7216.8,109636,62.5068,1237.090462,0.84,0.283,128.6,0.0020,0,0,0,1,1
4/1/1990,0.745,5.4,7262.7,109670,62.3597,1225.191745,0.84,0.272,128.9,0.0385,0,0,0,1,0
5/1/1990,0.751363636,5.4,7252.9,109833,62.5474,1220.827409,0.94,0.279,129.1,0.0317,0,0,1,1,0
6/1/1990,0.493333333,5.2,7261.7,109857,62.7541,1224.047359,0.96,0.282,129.9,0.0017,0,0,1,1,0
7/1/1990,0.596666667,5.5,7289.9,109823,62.6497,1222.583951,0.96,0.292,130.5,-0.0786,0,1,1,1,0
8/1/1990,1.05826087,5.7,7242,109609,62.8761,1218.346381,1,0.277,131.6,-0.0434,1,1,1,1,0
9/1/1990,1.295263158,5.9,7231.3,109521,62.896,1214.070602,1.08,0.273,132.5,-0.0232,1,1,1,1,0
10/1/1990,1.319545455,5.9,7159.5,109373,62.506,1210.287892,1.21,0.266,133.4,0.0298,1,1,1,0,0
11/1/1990,1.1015,6.2,7156.9,109220,61.7271,1204.213385,1.32,0.257,133.7,0.0459,1,1,1,0,0
12/1/1990,1.1255,6.3,7186.8,109172,61.2939,1189.780546,1.38,0.256,134.2,-0.0069,1,1,1,0,0
1/1/1991,1.682380952,6.4,7117.2,109050,61.0931,1158.885489,1.41,0.233,134.7,0.1161,1,1,0,0,0
2/1/1991,1.738421053,6.6,7116.1,108731,60.6522,1176.975631,1.24,0.234,134.8,0.0304,1,1,0,0,0
3/1/1991,2.0165,6.8,7120,108568,60.3069,1183.646162,1.16,0.232,134.8,0.0226,1,0,0,0,0
4/1/1991,2.213636364,6.7,7136.9,108351,60.4658,1193.016502,1.08,0.213,135.1,-0.0018,0,0,0,0,0
5/1/1991,2.434090909,6.9,7134.8,108249,61.0671,1189.038137,1,0.217,135.6,0.0035,0,0,0,0,0
6/1/1991,2.533,6.9,7174.5,108337,61.5611,1188.103275,0.95,0.214,136,0.0078,0,0,0,0,0
7/1/1991,2.521818182,6.8,7156.6,108290,61.723,1190.257368,0.89,0.23,136.2,0.0268,0,0,0,0,0
8/1/1991,2.402272727,6.9,7166.3,108301,61.736,1180.181763,0.9,0.213,136.6,-0.0030,0,0,0,0,0
9/1/1991,2.2765,6.9,7185.1,108334,62.2464,1177.856375,0.9,0.217,137,0.0018,0,0,0,0,0
10/1/1991,2.383181818,7,7169.7,108361,62.1825,1168.534806,0.94,0.202,137.2,0.0002,0,0,0,0,0
11/1/1991,2.727894737,7,7186.3,108301,62.0983,1169.543155,0.97,0.212,137.8,0.0094,0,0,0,0,0
12/1/1991,2.904285714,7.3,7232.8,108333,61.8108,1165.182493,0.95,0.238,138.2,0.0736,0,0,0,0,0
1/1/1992,3.126190476,7.3,7251.5,108367,61.4898,1175.422225,0.93,0.224,138.3,-0.0060,0,0,0,0,0
2/1/1992,3.387894737,7.4,7290.1,108313,61.9299,1185.855723,0.94,0.229,138.6,-0.0101,0,0,0,0,0
3/1/1992,3.403636364,7.4,7294.4,108360,62.449,1184.298366,0.9,0.232,139.1,0.0026,0,0,0,0,0
4/1/1992,3.641428571,7.4,7313.2,108515,62.9312,1181.52492,0.88,0.24,139.4,0.0207,0,0,0,0,0
5/1/1992,3.673,7.6,7352.4,108648,63.1359,1183.64997,0.85,0.238,139.7,-0.0133,0,0,0,0,0
6/1/1992,3.516818182,7.8,7384.2,108717,63.1736,1190.256543,0.83,0.226,140.1,0.0191,0,0,0,0,0
7/1/1992,3.565,7.7,7373.5,108799,63.7408,1186.118616,0.77,0.253,140.5,0.0094,0,0,0,0,0
8/1/1992,3.386666667,7.6,7401,108922,63.3917,1189.642473,0.7,0.253,140.8,0.0038,0,0,0,0,0
9/1/1992,3.446666667,7.6,7363.9,108955,63.5927,1196.381001,0.7,0.264,141.1,-0.0118,0,0,0,0,0
10/1/1992,3.656190476,7.3,7321,109135,64.0282,1203.879925,0.85,0.287,141.7,0.0276,0,0,0,0,0
11/1/1992,3.667368421,7.4,7353.6,109279,64.2732,1207.190699,0.86,0.26,142.1,0.0327,0,0,0,0,0
12/1/1992,3.478636364,7.4,7655,109502,64.3668,1222.667598,0.83,0.27,142.3,0.0014,0,0,0,0,0
1/1/1993,3.528947368,7.3,7390.7,109794,64.6256,1222.541075,0.76,0.264,142.8,0.0172,0,0,0,0,0
2/1/1993,3.266315789,7.1,7432.5,110044,64.929,1210.190866,0.68,0.271,143.1,0.0215,0,0,0,0,0
3/1/1993,2.960869565,7,7403.9,109992,64.872,1213.181103,0.57,0.285,143.3,-0.0134,0,0,0,0,0
4/1/1993,3.039047619,7.1,7473.1,110295,65.0611,1225.255306,0.68,0.292,143.8,0.0072,0,0,0,0,0
5/1/1993,3.0105,7.1,7476.3,110570,64.8104,1235.012236,0.78,0.307,144.2,0.0087,0,0,0,0,0
6/1/1993,2.818181818,7,7456.5,110751,64.9553,1241.219933,0.74,0.302,144.3,0.0006,0,0,0,0,0
7/1/1993,2.694285714,6.9,7477.1,111060,65.1198,1245.817559,0.76,0.308,144.5,0.0176,0,0,0,0,0
8/1/1993,2.587272727,6.8,7489.9,111209,65.0494,1249.198179,0.75,0.308,144.8,0.0135,0,0,0,0,0
9/1/1993,2.351428571,6.7,7469.1,111455,65.3882,1247.528753,0.68,0.314,145,0.0124,0,0,0,0,0
10/1/1993,2.242,6.8,7439.5,111733,65.8702,1255.276763,0.64,0.308,145.6,0.0001,0,0,0,0,0
11/1/1993,2.5445,6.6,7461.7,111989,66.1779,1267.548831,0.73,0.343,146,0.0089,0,0,0,0,0
12/1/1993,2.646363636,6.5,7752.5,112323,66.5602,1274.019076,0.76,0.325,146.3,0.0174,0,0,0,0,0
1/1/1994,2.706,6.6,7565,112598,66.7722,1266.965086,0.73,0.344,146.3,-0.0008,0,0,0,0,0
2/1/1994,2.642631579,6.6,7574.1,112779,66.8068,1288.449978,0.68,0.326,146.7,-0.0142,0,0,0,0,0
3/1/1994,2.89173913,6.5,7597.7,113240,67.4832,1297.091363,0.65,0.327,147.1,-0.0335,0,0,0,0,0
4/1/1994,3.191578947,6.4,7676.1,113587,67.8771,1304.883322,0.64,0.333,147.2,0.0106,0,0,0,0,0
5/1/1994,2.915714286,6.1,7698.1,113923,68.1961,1295.392564,0.63,0.328,147.5,0.0111,0,0,0,0,0
6/1/1994,2.852272727,6.1,7687.8,114237,68.6526,1308.728994,0.68,0.346,147.9,-0.0052,0,0,0,0,0
7/1/1994,2.8415,6.1,7706.9,114607,68.7353,1300.328685,0.69,0.353,148.4,0.0308,0,0,0,0,0
8/1/1994,2.624347826,6,7716.3,114899,69.1954,1321.77547,0.67,0.37,149,0.0082,0,0,0,0,0
9/1/1994,2.705714286,5.9,7752.9,115254,69.4017,1317.972538,0.64,0.363,149.3,-0.0044,0,0,0,0,0
10/1/1994,2.642,5.8,7815.2,115457,69.969,1336.31253,0.63,0.377,149.4,-0.0037,0,0,0,0,0
11/1/1994,2.506,5.6,7811,115872,70.4367,1339.209834,0.64,0.39,149.8,-0.0103,0,0,0,0,0
12/1/1994,2.049047619,5.5,7843.2,116174,71.1413,1332.317522,0.64,0.388,150.1,0.0245,0,0,0,0,0
1/1/1995,1.878,5.6,7865,116504,71.2762,1316.162791,0.62,0.438,150.5,0.0382,0,0,0,0,0
2/1/1995,1.53,5.4,7881.4,116692,71.1904,1314.771372,0.59,0.404,150.9,0.0256,0,0,0,0,0
3/1/1995,1.294347826,5.4,7899.5,116907,71.2891,1324.384921,0.58,0.391,151.2,0.0322,0,0,0,0,0
4/1/1995,1.224736842,5.8,7912.6,117065,71.1623,1324.321476,0.57,0.398,151.8,0.0335,0,0,0,0,0
5/1/1995,0.785,5.6,7912.5,117050,71.5044,1334.556213,0.55,0.388,152.1,0.0318,0,0,0,0,0
6/1/1995,0.529090909,5.6,7948.3,117285,71.743,1348.425197,0.6,0.388,152.4,0.0355,0,0,0,0,0
7/1/1995,0.685,5.7,7974.2,117377,71.4459,1342.857143,0.63,0.374,152.6,0.0051,0,0,0,0,0
8/1/1995,0.922608696,5.7,7989.2,117639,72.38,1350.693264,0.62,0.362,152.9,0.0372,0,0,0,0,0
9/1/1995,0.7635,5.6,8026.4,117880,72.6601,1352.096669,0.61,0.379,153.1,0.0091,0,0,0,0,0
10/1/1995,0.60047619,5.5,8050.8,118029,72.5428,1343.166124,0.63,0.391,153.5,0.0236,0,0,0,0,0
11/1/1995,0.412380952,5.6,8085.1,118168,72.7178,1357.605725,0.66,0.368,153.7,0.0339,0,0,0,0,0
12/1/1995,0.4175,5.6,8094,118325,72.9672,1367.11501,0.67,0.4,153.9,0.0016,0,0,0,0,0
1/1/1996,0.501904762,5.6,8102.2,118318,72.5866,1349.056238,0.66,0.363,154.7,0.0590,0,0,0,0,0
2/1/1996,0.841,5.5,8172.2,118734,73.6389,1367.793548,0.64,0.372,155,-0.0020,0,0,0,0,0
3/1/1996,1.170952381,5.5,8196,118990,73.5202,1375.504823,0.68,0.365,155.5,0.0020,0,0,0,0,0
4/1/1996,1.423636364,5.6,8210.4,119156,74.2664,1375.246637,0.69,0.354,156.1,0.0235,0,0,0,0,0
5/1/1996,1.583181818,5.6,8251.9,119489,74.8145,1382.985934,0.68,0.369,156.4,0.0128,0,0,0,0,0
6/1/1996,1.6805,5.3,8312.8,119770,75.3779,1378.864071,0.69,0.392,156.7,-0.0348,0,0,0,0,0
7/1/1996,1.567272727,5.5,8303,120015,75.3754,1377.910828,0.7,0.374,157,0.0308,0,0,0,0,0
8/1/1996,1.446363636,5.1,8338,120201,75.7568,1376.323155,0.72,0.358,157.2,0.0202,0,0,0,0,0
9/1/1996,1.5945,5.2,8369.8,120402,76.2304,1390.336081,0.69,0.35,157.7,0.0412,0,0,0,0,0
10/1/1996,1.410454545,5.2,8375.9,120663,76.2193,1397.345133,0.68,0.336,158.2,0.0505,0,0,0,0,0
11/1/1996,1.034210526,5.4,8405.9,120949,76.8941,1392.331443,0.69,0.32,158.7,0.0120,0,0,0,0,0
12/1/1996,1.261904762,5.4,8442,121145,77.3731,1395.292269,0.69,0.334,159.1,0.0326,0,0,0,0,0
1/1/1997,1.413333333,5.3,8477,121363,77.5138,1402.013802,0.67,0.35,159.4,0.0436,0,0,0,0,0
2/1/1997,1.277368421,5.2,8516,121675,78.4246,1411.534126,0.63,0.355,159.7,-0.0062,0,0,0,0,0
3/1/1997,1.41,5.2,8555.7,121989,78.9266,1415.275344,0.63,0.372,159.8,-0.0341,0,0,0,0,0
4/1/1997,1.580909091,5.1,8568.6,122284,78.9924,1404.721701,0.61,0.364,159.9,0.0922,0,0,0,0,0
5/1/1997,1.514285714,4.9,8614.9,122551,79.4411,1394.177611,0.62,0.371,159.9,0.0534,0,0,0,0,0
6/1/1997,1.422857143,5,8648.6,122816,79.8048,1411.092385,0.61,0.344,160.2,0.0574,0,0,0,0,0
7/1/1997,1.025909091,4.9,8692.3,123112,80.48,1425.829177,0.61,0.374,160.4,0.0035,0,0,0,0,0
8/1/1997,1.019047619,4.8,8748.6,123092,81.2862,1426.050995,0.6,0.383,160.8,0.0119,0,0,0,0,0
9/1/1997,1.123809524,4.9,8778.2,123577,82.038,1428.734491,0.55,0.385,161.2,0.0165,0,0,0,0,0
10/1/1997,0.916818182,4.7,8831.7,123924,82.7657,1423.133127,0.57,0.395,161.5,-0.0115,0,0,0,0,0
11/1/1997,0.593888889,4.6,8902.2,124229,83.4321,1425.108225,0.55,0.404,161.7,0.0263,0,0,0,0,0
12/1/1997,0.504090909,4.7,8957.7,124551,83.7826,1428.807169,0.56,0.415,161.8,0.0024,0,0,0,0,0
1/1/1998,0.3655,4.6,9045,124813,84.1656,1429.549383,0.58,0.389,162,0.0640,0,0,0,0,0
2/1/1998,0.344736842,4.6,9112.6,125019,84.3048,1430.148148,0.58,0.393,162,0.0531,0,0,0,0,0
3/1/1998,0.485454545,4.7,9171.8,125164,84.3416,1438.783951,0.6,0.404,162,0.0341,0,0,0,0,0
4/1/1998,0.554761905,4.3,9212.6,125447,84.6263,1454.907522,0.64,0.402,162.2,-0.0022,0,0,0,0,0
5/1/1998,0.5125,4.4,9262.9,125847,85.1839,1458.02583,0.61,0.408,162.6,0.0012,0,0,0,0,0
6/1/1998,0.372272727,4.5,9319.7,126078,84.6809,1467.880835,0.6,0.393,162.8,0.0447,0,0,0,0,0
7/1/1998,0.366818182,4.5,9343.9,126208,84.3448,1454.724265,0.6,0.413,163.2,-0.0697,0,0,0,0,0
8/1/1998,0.300952381,4.5,9384,126547,86.0846,1446.627907,0.62,0.438,163.4,-0.0490,0,0,0,0,0
9/1/1998,0.067619048,4.6,9414.7,126745,85.9945,1459.021407,0.69,0.451,163.5,0.0129,0,0,0,0,0
10/1/1998,0.45952381,4.5,9433.7,126950,86.5967,1479.859671,0.81,0.452,163.9,0.1097,0,0,0,0,0
11/1/1998,0.296315789,4.4,9478.1,127224,86.5114,1488.671542,0.93,0.487,164.1,0.0410,0,0,0,0,0
12/1/1998,0.148181818,4.4,9497.8,127599,86.8608,1499.574209,1.01,0.466,164.4,0.0505,0,0,0,0,0
1/1/1999,0.275789474,4.3,9526.4,127704,87.2277,1498.894961,1.05,0.499,164.7,-0.0007,0,0,0,0,0
2/1/1999,0.443684211,4.4,9569.7,128118,87.7266,1514.996964,0.99,0.531,164.7,0.0292,0,0,0,0,0
3/1/1999,0.666086957,4.2,9574.7,128234,87.9203,1521.037621,0.91,0.5,164.8,0.0425,0,0,0,0,0
4/1/1999,0.775454545,4.3,9556.6,128598,88.1153,1521.862568,0.84,0.507,165.9,-0.0010,0,0,0,0,0
5/1/1999,0.9085,4.2,9577.7,128810,88.6554,1534.548193,0.79,0.505,166,-0.0061,0,0,0,0,0
6/1/1999,1.184090909,4.3,9612.4,129088,88.5958,1538.849398,0.79,0.507,166,0.0452,0,0,0,0,0
7/1/1999,1.106190476,4.3,9639.2,129422,89.1235,1544.427115,0.76,0.517,166.7,-0.0377,0,0,0,0,0
8/1/1999,1.065454545,4.2,9681.7,129569,89.5116,1557.33094,0.75,0.52,167.1,-0.0060,0,0,0,0,0
9/1/1999,1.092857143,4.2,9676.6,129781,89.1361,1557.312277,0.81,0.546,167.8,-0.0127,0,0,0,0,0
10/1/1999,1.0885,4.1,9739.5,130179,90.2842,1557.513385,0.83,0.545,168.1,0.0711,0,0,0,0,0
11/1/1999,0.8065,4.1,9816.9,130466,90.7631,1573.426366,0.79,0.548,168.4,0.0281,0,0,0,0,0
12/1/1999,0.918636364,4,9904,130780,91.4926,1598.714455,0.64,0.529,168.8,-0.0012,0,0,0,0,0
1/1/2000,1.162,4,10000.3,131009,91.4251,1583.248671,0.55,0.521,169.3,-0.0248,0,0,0,0,0
2/1/2000,0.7925,4.1,10045.9,131120,91.7357,1600.117647,0.61,0.522,170,0.0394,0,0,0,0,0
3/1/2000,0.392608696,4,10078.6,131605,92.0933,1609.309942,0.69,0.521,171,0.0142,0,0,0,0,0
4/1/2000,0.168947368,3.8,10127.6,131884,92.6838,1585.991808,0.76,0.497,170.9,-0.0284,0,0,0,0,1
5/1/2000,0.445909091,4,10135.7,132106,92.9376,1585.245327,0.91,0.476,171.2,0.0316,0,0,0,0,1
6/1/2000,0.235454545,4,10184.3,132060,93.0076,1587.816492,0.81,0.518,172.2,0.0085,0,0,0,0,1
7/1/2000,-0.0885,4,10244.3,132226,92.8458,1578.633468,0.7,0.465,172.7,0.0094,0,0,0,0,1
8/1/2000,-0.451304348,4.1,10298.3,132231,92.5972,1580.3011,0.71,0.441,172.7,-0.0108,0,0,0,0,1
9/1/2000,-0.376,3.9,10308.4,132356,92.9653,1598.778802,0.73,0.409,173.6,-0.0521,0,0,0,0,1
10/1/2000,-0.556190476,3.9,10337.7,132352,92.6418,1592.449684,0.79,0.397,173.9,-0.0077,0,0,0,1,1
11/1/2000,-0.639047619,3.9,10350.5,132553,92.6618,1584.552239,0.83,0.375,174.2,-0.0332,0,0,0,1,1
12/1/2000,-0.6965,3.9,10354.8,132718,92.3459,1579.558992,0.81,0.391,174.6,0.0046,0,0,0,1,0
1/1/2001,-0.124285714,4.2,10400.3,132698,91.8903,1587.892938,0.78,0.401,175.6,-0.0214,0,0,1,1,0
2/1/2001,0.093684211,4.2,10421.6,132785,91.2915,1583.9375,0.77,0.393,176,-0.0908,0,0,1,1,0
3/1/2001,0.35,4.3,10452.6,132753,91.0526,1569.846678,0.86,0.38,176.1,0.0045,0,1,1,1,0
4/1/2001,1.175,4.4,10410.4,132456,90.7293,1591.882086,0.87,0.341,176.4,0.0688,1,1,1,1,0
5/1/2001,1.688181818,4.3,10376.7,132412,90.2577,1587.681895,0.78,0.373,177.3,-0.0239,1,1,1,1,0
6/1/2001,1.719047619,4.5,10362.4,132296,89.7677,1577.945976,0.79,0.36,177.7,-0.0266,1,1,1,0,0
7/1/2001,1.642857143,4.6,10360.8,132171,89.226,1575.558061,0.84,0.34,177.4,-0.0205,1,1,1,0,0
8/1/2001,1.533478261,4.9,10353.3,132024,89.1326,1586.319053,0.83,0.332,177.4,-0.1125,1,1,1,0,0
9/1/2001,2.039411765,5,10339.7,131765,88.6679,1550.16283,0.86,0.309,178.1,0.0318,1,1,0,0,0
10/1/2001,2.369090909,5.3,10281.1,131452,88.3926,1658.445946,0.88,0.346,177.6,0.0505,1,1,0,0,0
11/1/2001,2.745,5.5,10274.1,131142,87.8774,1617.526761,0.84,0.306,177.5,0.0147,1,0,0,0,0
12/1/2001,3.3675,5.7,10277.7,130985,87.8344,1599.239008,1.28,0.318,177.4,-0.0030,0,0,0,0,0
1/1/2002,3.350952381,5.7,10282.4,130852,88.4665,1595.430501,1.32,0.303,177.7,-0.0335,0,0,0,0,0
2/1/2002,3.154736842,5.7,10284.8,130732,88.4661,1601.426966,1.38,0.299,178,0.0495,0,0,0,0,0
3/1/2002,3.459,5.7,10284.1,130721,89.1228,1592.504202,1.3,0.319,178.5,-0.0351,0,0,0,0,0
4/1/2002,3.465909091,5.9,10280,130617,89.5532,1610.892359,1.27,0.325,179.3,-0.0282,0,0,0,0,0
5/1/2002,3.404090909,5.8,10307.9,130633,89.934,1587.470752,1.34,0.353,179.5,-0.0592,0,0,0,0,0
6/1/2002,3.1945,5.8,10339.8,130683,90.6769,1600.066815,1.32,0.326,179.6,-0.1076,0,0,0,0,0
7/1/2002,2.939545455,5.8,10302.9,130583,90.6455,1613.25,1.37,0.318,180,0.0114,0,0,0,0,0
8/1/2002,2.61,5.7,10300.4,130587,90.5475,1621.32964,1.21,0.343,180.5,-0.0476,0,0,0,0,0
9/1/2002,2.211,5.7,10302.1,130498,90.6381,1595.188053,1.25,0.338,180.8,-0.0137,0,0,0,0,0
10/1/2002,2.330909091,5.7,10322.1,130621,90.4041,1598.101545,1.41,0.336,181.2,0.0663,0,0,0,0,0
11/1/2002,2.793684211,5.9,10344.9,130618,90.8985,1605.972452,1.31,0.325,181.5,-0.0104,0,0,0,0,0
12/1/2002,2.821428571,6,10360.2,130470,90.389,1616.870187,1.24,0.273,181.8,-0.0022,0,0,0,0,0
1/1/2003,2.85952381,5.8,10324.3,130579,91.1355,1616.911281,1.18,0.282,182.6,-0.0641,0,0,0,0,0
2/1/2003,2.717368421,5.9,10285.2,130443,91.2502,1585.876906,1.11,0.301,183.6,0.0131,0,0,0,0,0
3/1/2003,2.656190476,5.9,10298.6,130233,91.0059,1611.337684,1.06,0.294,183.9,0.0529,0,0,0,0,0
4/1/2003,2.806190476,6,10341,130176,90.4281,1613.537118,1.11,0.318,183.2,0.0531,0,0,0,0,0
5/1/2003,2.480952381,6.1,10417.3,130197,90.4073,1620.612356,1.16,0.318,182.9,0.0570,0,0,0,0,0
6/1/2003,2.398095238,6.3,10450,130192,90.5218,1636.406335,1.22,0.327,183.1,0.0060,0,0,0,0,0
7/1/2003,3.055,6.2,10457.1,130183,90.9896,1648.05117,1.13,0.34,183.7,-0.0017,0,0,0,0,0
8/1/2003,3.476190476,6.1,10473.1,130153,90.7858,1668.341463,1.13,0.331,184.5,0.0316,0,0,0,0,0
9/1/2003,3.319047619,6.1,10491.3,130252,91.3829,1652.798487,1.07,0.342,185.1,0.0203,0,0,0,0,0
10/1/2003,3.348636364,6,10547.7,130439,91.5005,1648.507301,1.03,0.347,184.9,0.0121,0,0,0,0,0
11/1/2003,3.347777778,5.8,10621.1,130482,92.1265,1667.713514,1.01,0.366,185,0.0306,0,0,0,0,0
12/1/2003,3.353181818,5.7,10611.8,130595,92.1722,1657.180593,0.98,0.365,185.5,0.0493,0,0,0,0,0
1/1/2004,3.25,5.7,10578,130765,92.327,1659.978529,0.9,0.391,186.3,0.0109,0,0,0,0,0
2/1/2004,3.139473684,5.6,10580.1,130822,92.8873,1667.87895,0.77,0.398,186.7,-0.0157,0,0,0,0,0
3/1/2004,2.873043478,5.8,10619.2,131139,92.5325,1693.810796,0.78,0.41,187.1,0.0097,0,0,0,0,0
4/1/2004,3.38952381,5.6,10655.2,131410,92.9096,1672.956243,0.73,0.405,187.4,-0.0256,0,0,0,0,0
5/1/2004,3.676,5.6,10720.8,131694,93.5838,1694.814028,0.71,0.427,188.2,0.0286,0,0,0,0,0
6/1/2004,3.445714286,5.6,10734.6,131789,92.8621,1667.326628,0.77,0.412,188.9,-0.0224,0,0,0,0,0
7/1/2004,3.14047619,5.5,10788.8,131849,93.5511,1684.553146,0.8,0.439,189.1,-0.0139,0,0,0,0,0
8/1/2004,2.778181818,5.4,10816.8,131936,93.6328,1685.924947,0.81,0.44,189.2,0.0278,0,0,0,0,0
9/1/2004,2.444285714,5.4,10834.4,132082,93.7418,1710.057956,0.81,0.443,189.8,0.0010,0,0,0,0,0
10/1/2004,2.3025,5.5,10842.5,132433,94.5671,1712.473795,0.74,0.458,190.8,0.0477,0,0,0,0,0
11/1/2004,2.0865,5.4,10809,132509,94.8,1710.151278,0.68,0.45,191.7,0.0273,0,0,0,0,0
12/1/2004,2.008181818,5.4,11216.7,132633,95.5426,1731.215441,0.68,0.475,191.7,-0.0135,0,0,0,0,0
1/1/2005,1.8505,5.3,10842,132778,95.8831,1715.532359,0.66,0.519,191.6,0.0168,0,0,0,0,0
2/1/2005,1.585789474,5.4,10836.7,133033,96.5616,1730.904366,0.62,0.483,192.4,-0.0026,0,0,0,0,0
3/1/2005,1.701818182,5.2,10877.8,133153,96.4371,1727.503884,0.66,0.484,193.1,-0.0241,0,0,0,0,0
4/1/2005,1.504285714,5.2,10909.6,133516,96.628,1737.651007,0.72,0.482,193.7,0.0134,0,0,0,0,0
5/1/2005,1.242380952,5.1,10963.9,133687,96.7306,1727.902893,0.86,0.486,193.6,0.0218,0,0,0,0,0
6/1/2005,0.961818182,5,10996.5,133940,97.1488,1775.931853,0.9,0.515,193.7,0.0181,0,0,0,0,0
7/1/2005,0.89,5,11029.5,134297,96.8383,1778.224731,0.89,0.527,194.9,0.0031,0,0,0,0,0
8/1/2005,0.744347826,4.9,11028.8,134495,97.1603,1750.673126,0.87,0.501,196.1,0.0028,0,0,0,0,0
9/1/2005,0.704761905,5,10998.5,134551,95.2729,1730.160966,0.9,0.5,198.8,-0.0262,0,0,0,0,0
10/1/2005,0.671,5,11081.4,134644,96.4383,1728.26218,0.95,0.488,199.1,0.0396,0,0,0,0,0
11/1/2005,0.5605,5,11158.5,135001,97.4951,1753.281171,0.97,0.502,198.1,0.0214,0,0,0,0,0
12/1/2005,0.496190476,4.9,11206.7,135161,97.9788,1753.685008,0.95,0.486,198.1,0.0147,0,0,0,0,0
1/1/2006,0.08,4.7,11309.9,135425,98.1305,1792.930256,0.95,0.509,199.3,-0.0002,0,0,0,0,0
2/1/2006,0.029473684,4.8,11389.7,135731,98.1779,1778.8666,0.92,0.557,199.4,0.0149,0,0,0,0,0
3/1/2006,0.096086957,4.7,11441.6,136040,98.3898,1780.996495,0.88,0.551,199.7,0.0080,0,0,0,0,0
4/1/2006,0.268947368,4.7,11453.9,136211,98.6769,1780.881913,0.84,0.559,200.7,-0.0079,0,0,0,0,0
5/1/2006,0.273636364,4.6,11437.1,136247,98.7052,1772.001987,0.8,0.559,201.3,-0.0271,0,0,0,0,0
6/1/2006,0.188636364,4.6,11447.3,136328,99.0427,1773.434093,0.89,0.548,201.8,0.0072,0,0,0,0,0
7/1/2006,0.011,4.7,11430.6,136522,98.9804,1769.374076,0.91,0.537,202.9,0.0229,0,0,0,0,0
8/1/2006,-0.213913043,4.7,11414.5,136688,99.4106,1769.828263,0.91,0.556,203.8,0.0253,0,0,0,0,0
9/1/2006,-0.211,4.5,11486.6,136824,99.2207,1770.024655,0.92,0.554,202.8,0.0362,0,0,0,0,0
10/1/2006,-0.317142857,4.4,11562.6,136848,99.1253,1775.443289,0.91,0.543,201.9,0.0200,0,0,0,0,0
11/1/2006,-0.478095238,4.5,11624.9,137069,99.0969,1778.544554,0.87,0.529,202,0.0215,0,0,0,0,0
12/1/2006,-0.4085,4.4,11683.5,137253,100.1122,1790.891187,0.9,0.538,203.1,0.0069,0,0,0,0,0
1/1/2007,-0.345714286,4.6,11666.7,137476,99.7571,1787.364147,0.94,0.494,203.437,0.0160,0,0,0,0,1
2/1/2007,-0.440526316,4.5,11713.7,137554,100.7275,1782.368552,0.89,0.465,204.226,-0.0247,0,0,0,0,1
3/1/2007,-0.515454545,4.4,11765.5,137781,100.9023,1788.502007,0.97,0.422,205.288,0.0418,0,0,0,0,1
4/1/2007,-0.312857143,4.5,11801.5,137843,101.5874,1778.435582,0.92,0.401,205.904,0.0339,0,0,0,0,1
5/1/2007,-0.121363636,4.4,11811.5,137993,101.6299,1794.075113,0.92,0.365,206.755,0.0034,0,0,0,0,1
6/1/2007,0.360952381,4.6,11807.8,138072,101.6482,1776.513506,0.91,0.356,207.234,0.0057,0,0,0,0,1
7/1/2007,0.043333333,4.7,11812,138042,101.4925,1780.38853,0.92,0.339,207.603,-0.0420,0,0,0,1,1
8/1/2007,0.357826087,4.6,11798.6,138017,101.6874,1788.2379,0.86,0.346,207.667,0.0307,0,0,0,1,1
9/1/2007,0.527368421,4.7,11808.3,138103,101.9398,1787.937491,0.85,0.333,208.547,0.0299,0,0,0,1,1
10/1/2007,0.525,4.7,11791.6,138174,101.6345,1794.01023,0.82,0.329,209.19,-0.0481,0,0,1,1,1
11/1/2007,0.794,4.7,11784.9,138292,102.2068,1796.958745,0.96,0.316,210.834,0.0124,0,0,1,1,1
12/1/2007,1.031,5,11825.3,138398,102.2604,1770.19083,1.16,0.312,211.445,-0.0664,0,1,1,1,1
1/1/2008,0.924285714,5,11830.2,138399,102.14,1768.529603,1.21,0.322,212.174,-0.0156,1,1,1,1,1
2/1/2008,1.5635,4.9,11841.2,138323,101.7671,1748.263881,1.29,0.326,212.687,-0.0263,1,1,1,1,1
3/1/2008,2.2265,5.1,11844.7,138255,101.4355,1746.303549,1.38,0.319,213.448,0.0424,1,1,1,1,1
4/1/2008,2.363181818,5,11775,138038,100.7424,1741.462639,1.42,0.337,213.942,0.0256,1,1,1,1,1
5/1/2008,2.115714286,5.4,11728.6,137847,100.132,1747.314226,1.36,0.333,215.208,-0.0425,1,1,1,1,1
6/1/2008,2.209047619,5.6,11669.1,137689,99.8651,1731.122076,1.39,0.312,217.463,-0.0608,1,1,1,1,1
7/1/2008,2.352727273,5.8,11623.9,137492,99.4214,1712.377178,1.49,0.291,219.016,0.0211,1,1,1,1,0
8/1/2008,2.132857143,6.1,11680.1,137209,97.8448,1702.336641,1.51,0.285,218.69,-0.0485,1,1,1,1,0
9/1/2008,2.53952381,6.1,11678.3,136758,93.559,1675.50268,1.66,0.273,218.877,-0.2019,1,1,1,1,0
10/1/2008,3.128181818,6.5,11749.8,136294,94.4956,1626.535174,2.6,0.267,216.995,-0.0861,1,1,1,1,0
11/1/2008,3.332777778,6.8,11812.4,135546,93.2689,1592.048904,3.09,0.27,213.153,-0.0035,1,1,1,1,0
12/1/2008,2.382272727,7.3,11680.5,134849,90.628,1570.927823,3.38,0.242,211.398,-0.0110,1,1,1,1,0
1/1/2009,2.388,7.8,11475.8,134069,88.3811,1589.79017,3.09,0.212,211.933,-0.0670,1,1,1,0,0
2/1/2009,2.574736842,8.3,11296.4,133311,87.8412,1577.659199,2.81,0.2,212.705,-0.0569,1,1,1,0,0
3/1/2009,2.603636364,8.7,11225.3,132493,86.4794,1551.787101,2.92,0.196,212.495,0.1232,1,1,1,0,0
4/1/2009,2.769047619,9,11215.7,131825,85.7883,1557.771415,3,0.182,212.709,0.0666,1,1,0,0,0
5/1/2009,3.116,9.4,11207.2,131470,84.9516,1569.114927,2.52,0.18,213.022,0.0287,1,1,0,0,0
6/1/2009,3.543181818,9.5,11120.7,131002,84.6928,1582.39676,1.89,0.193,214.79,0.0128,1,0,0,0,0
7/1/2009,3.378636364,9.5,11067.3,130661,85.7044,1585.821,1.68,0.196,214.726,0.0812,0,0,0,0,0
8/1/2009,3.415238095,9.6,11040.4,130480,86.6617,1609.078883,1.32,0.186,215.445,0.0365,0,0,0,0,0
9/1/2009,3.278571429,9.8,11032.9,130240,87.4033,1568.171184,1.18,0.189,215.861,0.0240,0,0,0,0,0
10/1/2009,3.313333333,10,11031.5,130062,87.6035,1578.012923,1.14,0.206,216.509,0.0209,0,0,0,0,0
11/1/2009,3.350526316,9.9,11063.7,130059,87.9559,1585.272103,1.13,0.224,217.234,0.0223,0,0,0,0,0
12/1/2009,3.535454545,9.9,11090.7,129808,88.2468,1592.255702,1.11,0.224,217.347,0.0136,0,0,0,0,0
1/1/2010,3.671578947,9.8,11065.2,129798,89.1911,1591.103877,0.99,0.224,217.488,-0.0290,0,0,0,0,0
2/1/2010,3.582105263,9.8,11055.9,129700,89.4972,1595.638827,0.99,0.207,217.281,0.0594,0,0,0,0,0
3/1/2010,3.576956522,9.9,11099.4,129864,90.1419,1629.363294,1,0.219,217.353,0.0409,0,0,0,0,0
4/1/2010,3.684545455,9.9,11218.9,130115,90.4591,1643.509979,0.96,0.204,217.403,-0.0588,0,0,0,0,0
5/1/2010,3.26,9.6,11326.7,130645,91.702,1629.22822,1.09,0.209,217.29,-0.0354,0,0,0,0,0
6/1/2010,3.080454545,9.4,11339.4,130501,91.8997,1628.382267,1.35,0.212,217.199,-0.0016,0,0,0,0,0
7/1/2010,2.853809524,9.4,11368.1,130420,92.2522,1629.659245,1.29,0.234,217.605,0.0086,0,0,0,0,0
8/1/2010,2.543636364,9.5,11387.7,130424,92.5899,1636.233899,1.17,0.212,217.923,0.0337,0,0,0,0,0
9/1/2010,2.495714286,9.5,11399.6,130339,92.8564,1645.89165,1.13,0.219,218.275,0.0458,0,0,0,0,0
10/1/2010,2.4055,9.4,11418.9,130620,92.6037,1659.812359,1.04,0.216,219.035,0.0249,0,0,0,0,0
11/1/2010,2.62,9.8,11440.1,130754,92.6773,1671.524204,1.05,0.23,219.59,0.0371,0,0,0,0,0
12/1/2010,3.15,9.3,11523.9,130835,93.5851,1674.552778,1.08,0.223,220.472,0.0346,0,0,0,0,0
1/1/2011,3.242,9.1,11708.4,130842,93.3944,1680.849236,1.05,0.259,221.187,0.0315,0,0,0,0,0
2/1/2011,3.444210526,9,11761.8,131052,92.993,1689.970166,0.93,0.266,221.898,-0.0111,0,0,0,0,0
3/1/2011,3.313913043,9,11734,131277,93.982,1696.663469,0.9,0.275,223.046,0.0222,0,0,0,0,0
4/1/2011,3.3965,9.1,11719.4,131604,93.6525,1697.040961,0.86,0.289,224.093,0.0066,0,0,0,0,0
5/1/2011,3.127619048,9,11715.9,131704,93.7775,1690.969102,0.82,0.3,224.806,-0.0366,0,0,0,0,0
6/1/2011,2.965,9.1,11785.7,131936,94.0467,1704.31839,0.76,0.305,224.806,0.0310,0,0,0,0,0
7/1/2011,2.9655,9,11856.3,131991,94.4931,1698.715588,0.83,0.301,225.395,-0.1040,0,0,0,0,0
8/1/2011,2.278695652,9,11854.7,132124,95.0969,1696.912068,0.99,0.326,226.106,-0.0079,0,0,0,0,0
9/1/2011,1.961428571,9,11840.1,132345,95.0281,1710.340384,1.18,0.33,226.597,0.0302,0,0,0,0,0
10/1/2011,2.133,8.8,11842.3,132557,95.6924,1719.267916,1.39,0.339,226.75,0.0177,0,0,0,0,0
11/1/2011,1.9995,8.6,11829.9,132701,95.6913,1721.920685,1.27,0.337,227.169,0.0155,0,0,0,0,0
12/1/2011,1.966666667,8.5,11949.8,132901,96.1938,1723.131021,1.32,0.342,227.223,0.0478,0,0,0,0,0
1/1/2012,1.932,8.3,12032,133246,96.779,1735.672089,1.38,0.337,227.842,0.0416,0,0,0,0,0
2/1/2012,1.8755,8.3,12108.5,133518,97.0959,1752.536909,1.29,0.358,228.329,0.0288,0,0,0,0,0
3/1/2012,2.088636364,8.2,12142.7,133744,96.5919,1754.998754,1.24,0.357,228.807,-0.0004,0,0,0,0,0
4/1/2012,1.969047619,8.2,12191.2,133827,97.2942,1745.094617,1.23,0.361,229.187,-0.0309,0,0,0,0,0
5/1/2012,1.713636364,8.2,12183,133935,97.4853,1745.007936,1.27,0.361,228.713,-0.0115,0,0,0,0,0
6/1/2012,1.530952381,8.2,12168.5,134007,97.4959,1731.240482,1.38,0.35,228.524,0.0292,0,0,0,0,0
7/1/2012,1.42952381,8.2,12080.6,134153,97.6922,1738.479374,1.47,0.353,228.59,0.0339,0,0,0,0,0
8/1/2012,1.575652174,8.1,12061.8,134330,97.3061,1749.162745,1.43,0.353,229.918,0.0302,0,0,0,0,0
9/1/2012,1.617894737,7.8,12161.3,134512,97.2383,1754.219423,1.35,0.34,231.015,-0.0022,0,0,0,0,0
10/1/2012,1.641428571,7.8,12268.6,134671,97.5425,1750.239598,1.11,0.316,231.638,-0.0284,0,0,0,0,0
11/1/2012,1.5605,7.7,12457.7,134834,97.934,1761.157886,1.01,0.327,231.249,0.0218,0,0,0,0,0
12/1/2012,1.649,7.9,12812.9,135075,98.1984,1767.823857,0.98,0.341,231.221,0.0427,0,0,0,0,0
1/1/2013,1.84047619,8,12052.3,135265,98.2029,1778.39597,0.93,0.339,231.679,0.0233,0,0,0,0,0
2/1/2013,1.885263158,7.7,12028.1,135544,98.6733,1790.471243,0.95,0.345,232.937,0.0272,0,0,0,0,0
3/1/2013,1.8705,7.5,12065.8,135689,99.0788,1782.81141,0.92,0.309,232.282,0.0145,0,0,0,0,0
4/1/2013,1.699090909,7.6,12133.9,135876,98.9658,1776.821961,0.86,0.36,231.797,0.0457,0,0,0,0,0
5/1/2013,1.884090909,7.5,12186.3,136091,99.0567,1786.815471,0.84,0.347,231.893,-0.0112,0,0,0,0,0
6/1/2013,2.2495,7.5,12182.7,136269,99.2424,1787.321732,0.92,0.375,232.445,0.0325,0,0,0,0,0
7/1/2013,2.546818182,7.3,12155,136391,98.9258,1795.684843,0.98,0.347,232.9,0.0025,0,0,0,0,0
8/1/2013,2.693636364,7.2,12176.8,136635,99.5059,1787.870091,0.88,0.341,233.456,0.0119,0,0,0,0,0
9/1/2013,2.7935,7.2,12235.2,136819,100.0391,1788.52379,0.83,0.351,233.544,0.0212,0,0,0,0,0
10/1/2013,2.568636364,7.2,12189,137039,99.9203,1794.367246,0.78,0.373,233.669,0.0386,0,0,0,0,0
11/1/2013,2.650526316,6.9,12228,137314,100.1661,1796.104229,0.75,0.364,234.1,0.0152,0,0,0,0,0
12/1/2013,2.835238095,6.7,12256.4,137368,100.3777,1801.856688,0.76,0.372,234.719,0.0097,0,0,0,0,0
1/1/2014,2.814761905,6.6,12325.9,137552,99.999,1781.013056,0.70,0.365,235.288,-0.0013,0,0,0,0,0
2/1/2014,2.656842105,6.7,12398.8,137707,100.7583,1803.393803,0.65,0.376,235.547,0.0272,0,0,0,0,0
3/1/2014,2.670952381,6.7,12463,137986,101.7767,1818.644398,0.68,0.379,236.028,0.0020,0,0,0,0,0
4/1/2014,2.674285714,6.2,12494.1,138298,101.8425,1833.571561,0.66,0.415,236.468,0.0153,0,0,0,0,0
5/1/2014,2.526666667,6.3,12517.4,138501,102.2594,1833.08993,0.60,0.4,236.918,0.0320,0,0,0,0,0
6/1/2014,2.562857143,6.1,12562.1,138833,102.5986,1835.708655,0.55,0.392,237.231,0.0150,0,0,0,0,0
7/1/2014,2.515909091,6.2,12593.5,139076,102.8163,1836.23441,0.57,0.426,237.498,-0.0043,0,0,0,0,0
8/1/2014,2.387142857,6.1,12657.1,139258,102.6562,1851.440243,0.61,0.431,237.46,0.0178,0,0,0,0,0
9/1/2014,2.514285714,5.9,12701.3,139563,102.9776,1846.641991,0.69,0.432,237.477,-0.0265,0,0,0,0,0
10/1/2014,2.287272727,5.7,12769.9,139805,102.9892,1853.716885,0.77,0.431,237.43,0.0571,0,0,0,0,0
11/1/2014,2.303888889,5.8,12848.6,140089,103.6402,1861.479515,0.87,0.405,236.983,0.0063,0,0,0,0,0
12/1/2014,2.178181818,5.6,12933.1,140366,103.6345,1856.509151,0.95,0.421,236.252,-0.0111,0,0,0,0,0
1/1/2015,1.854,5.7,13038.7,140562,102.8239,1857.923637,0.99,0.435,234.747,0.0283,0,0,0,0,0
2/1/2015,1.957368421,5.5,13086.9,140829,102.1513,1850.065012,0.90,0.43,235.342,0.0006,0,0,0,0,0
3/1/2015,2.015,5.4,13043.4,140924,101.824,1873.076076,0.90,0.436,235.976,0.0088,0,0,0,0,0
4/1/2015,1.911818182,5.4,13080.5,141202,101.244,1874.922742,0.96,0.444,236.222,0.0098,0,0,0,0,0
5/1/2015,2.181,5.6,13108.5,141540,100.783,1883.135514,0.91,0.44,237.001,-0.0044,0,0,0,0,0
6/1/2015,2.348636364,5.3,13116.2,141695,100.4781,1879.384996,0.94,0.489,237.657,-0.0008,0,0,0,0,0
7/1/2015,2.292272727,5.2,13138.7,141989,101.1052,1891.586916,1.05,0.491,238.034,-0.0242,0,0,0,0,0
8/1/2015,2.095238095,5.1,13165.5,142130,100.9442,1891.628472,1.15,0.451,238.033,-0.0451,0,0,0,0,0
9/1/2015,2.148571429,5,13200.8,142265,100.6507,1886.714835,1.27,0.447,237.498,0.0432,0,0,0,0,0
10/1/2015,2.053333333,5,13235.8,142585,100.1871,1880.60976,1.39,0.452,237.733,0.0293,0,0,0,0,0
11/1/2015,2.136842105,5.1,13227.7,142810,99.4382,1885.966128,1.40,0.451,238.017,-0.0110,0,0,0,0,0
12/1/2015,2.014090909,5,13278.2,143083,98.939,1895.226719,1.49,0.422,237.761,-0.0642,0,0,0,0,0
1/1/2016,1.827894737,4.8,13294.9,143198,99.4558,1883.262081,1.45,0.444,237.652,-0.0055,0,0,0,0,0
2/1/2016,1.465,4.9,13288.1,143410,98.9136,1903.718778,1.38,0.456,237.336,0.0636,0,0,0,0,0
3/1/2016,1.591818182,5,13286.4,143666,98.1907,1892.477319,1.31,0.465,238.08,0.0283,0,0,0,0,0
4/1/2016,1.577142857,5.1,13263,143856,98.4669,1893.130314,1.17,0.422,238.992,-0.0030,0,0,0,0,0
5/1/2016,1.52952381,4.8,13253.1,143901,98.2518,1895.177348,1.03,0.406,239.557,0.0107,0,0,0,0,0
6/1/2016,1.371363636,4.9,13272.8,144152,98.7275,1909.721008,1.03,0.402,240.222,0.0330,0,0,0,0,0
7/1/2016,1.203,4.8,13334.6,144515,98.836,1908.330244,0.94,0.366,240.101,0.0120,0,0,0,0,0
8/1/2016,1.256956522,4.9,13344.9,144664,98.7554,1906.109044,0.92,0.386,240.545,-0.0044,0,0,0,0,0
9/1/2016,1.336190476,5,13385.3,144961,98.6596,1913.349587,0.90,0.382,241.176,-0.0051,0,0,0,0,0
10/1/2016,1.433,4.9,13402.3,145069,98.7322,1913.018478,0.87,0.348,241.741,0.0120,0,0,0,0,0
11/1/2016,1.6895,4.7,13450.8,145189,98.3452,1910.075777,0.85,0.38,242.026,0.0395,0,0,0,0,0
12/1/2016,1.98,4.7,13499.3,145408,99.0314,1928.720682,0.77,0.371,242.637,0.0144,0,0,0,0,0
1/1/2017,1.9135,4.7,13541.3,145639,98.7987,1941.978836,0.74,0.363,243.618,0.0258,0,0,0,0,0
2/1/2017,1.892631579,4.6,13589.2,145845,98.4322,1938.17775,0.69,0.384,244.006,0.0175,0,0,0,0,0
3/1/2017,1.733913043,4.4,13642.8,145975,99.0663,1935.97986,0.67,0.405,243.892,-0.0015,0,0,0,0,0
4/1/2017,1.488947368,4.4,13682.6,146172,100.0082,1940.743592,0.70,0.395,244.193,0.0169,0,0,0,0,0
5/1/2017,1.400454545,4.4,13780.7,146389,100.1286,1932.287995,0.70,0.417,244.004,0.0178,0,0,0,0,0
6/1/2017,1.187727273,4.3,13790.9,146588,100.3233,1939.433903,0.69,0.427,244.163,0.0099,0,0,0,0,0
7/1/2017,1.2315,4.3,13837.7,146772,100.0947,1938.982898,0.69,0.395,244.243,0.0025,0,0,0,0,0
8/1/2017,1.176956522,4.4,13860.4,146907,99.6642,1934.966943,0.68,0.438,245.183,0.0165,0,0,0,0,0
9/1/2017,1.1555,4.3,13903.9,146999,99.7686,1964.440928,0.67,0.42,246.435,0.0273,0,0,0,0,0
10/1/2017,1.266666667,4.2,13963.2,147147,100.9981,1966.605305,0.72,0.423,246.626,0.0159,0,0,0,0,0
11/1/2017,1.102857143,4.2,14028.2,147377,101.2597,1981.191666,0.70,0.452,247.284,0.0288,0,0,0,0,0
12/1/2017,1.061,4.1,14062.3,147521,101.4573,1988.898529,0.71,0.442,247.805,0.0486,0,0,0,0,0
1/1/2018,1.151428571,4,14042.8,147670,101.3939,1970.782652,0.71,0.43,248.859,-0.0289,0,0,0,0,0
2/1/2018,1.271052632,4.1,14068.6,148058,101.7656,1977.413447,0.69,0.472,249.529,0.0006,0,0,0,0,0
3/1/2018,1.115714286,4,14103,148281,102.2441,1975.835113,0.77,0.466,249.577,-0.0166,0,0,0,0,0
4/1/2018,1.080952381,4,14121.8,148426,103.3468,1975.41832,0.82,0.467,250.227,0.0196,0,0,0,0,0
5/1/2018,1.078181818,3.8,14163.6,148755,102.3911,1996.016619,0.83,0.487,250.792,0.0211,0,0,0,0,0
6/1/2018,0.977142857,4,14226,148966,103.1924,1987.861428,0.87,0.493,251.018,0.0158,0,0,0,0,0
7/1/2018,0.894285714,3.8,14298.5,149022,103.3334,2000.051749,0.92,0.492,251.214,0.0245,0,0,0,0,0
8/1/2018,0.816521739,3.8,14356.7,149272,104.0807,1995.03304,0.89,0.52,251.663,0.0168,0,0,0,0,0
9/1/2018,0.838947368,3.7,14354,149361,104.1181,1982.675211,0.90,0.496,252.182,-0.0385,0,0,0,0,0
10/1/2018,0.859090909,3.8,14370.2,149526,103.9397,1999.185036,0.93,0.522,252.772,-0.0208,0,0,0,0,0
11/1/2018,0.743,3.8,14411.1,149622,104.0007,2007.462568,1.00,0.508,252.594,-0.0556,0,0,0,0,0
12/1/2018,0.420526316,3.9,14599.3,149805,103.9946,1964.983562,1.11,0.484,252.767,0.0174,0,0,0,0,0
1/1/2019,0.29,4,14565.8,150114,103.373,1977.061389,1.19,0.534,252.718,0.0583,0,0,0,0,0
2/1/2019,0.238421053,3.8,14629,150092,102.8292,1976.022612,1.16,0.505,253.322,0.0195,0,0,0,0,1
3/1/2019,0.117142857,3.8,14662.8,150320,102.8286,1999.992132,1.07,0.504,254.202,0.0372,0,0,0,0,1
4/1/2019,0.09952381,3.6,14638.4,150563,102.2481,1993.201704,1.01,0.578,255.211,-0.0153,0,0,0,0,1
5/1/2019,-0.008181818,3.7,14636,150630,102.4192,2006.870618,0.96,0.571,255.29,0.0140,0,0,0,0,0
6/1/2019,-0.1455,3.6,14651.8,150797,102.4893,2011.145991,1.04,0.525,255.159,0.0383,0,0,0,0,0
7/1/2019,-0.085909091,3.7,14644.9,150879,102.0236,2024.158633,0.99,0.583,255.685,-0.0313,0,0,0,0,0
8/1/2019,-0.364090909,3.7,14724,151111,102.7754,2034.730277,0.89,0.539,256.059,0.0309,0,0,0,1,0
9/1/2019,-0.235,3.5,14754.4,151318,102.5315,2019.87829,0.88,0.559,256.511,0.0001,0,0,0,1,0
10/1/2019,0.028181818,3.6,14786.9,151447,101.6022,2019.600068,0.92,0.519,257.244,0.0443,0,0,0,1,0
11/1/2019,0.24,3.6,14864.1,151662,102.148,2029.89492,0.88,0.451,257.803,0.0247,0,0,1,0,0
12/1/2019,0.297619048,3.6,14792.5,151764,101.884,2031.60284,0.87,0.463,258.616,0.0335,0,0,1,0,0
1/1/2020,0.205238095,3.5,14966.4,152098,101.3768,2026.702749,0.83,0.441,259.037,0.0012,0,1,1,0,0
2/1/2020,-0.040526316,3.5,15051,152371,101.633,2026.472721,0.83,0.456,259.248,-0.1892,1,1,0,0,0
3/1/2020,0.574545455,4.4,14686.1,150944,97.6672,1852.206691,1.27,0.382,258.124,0.0432,1,1,0,0,0
4/1/2020,0.51952381,14.7,13798.2,130430,84.5979,1593.907658,1.70,0.352,256.092,0.0589,1,0,0,0,0
5/1/2020,0.5465,13.2,14117,133055,85.9732,1898.600059,1.45,0.29,255.868,0.0651,0,0,0,0,0
6/1/2020,0.569090909,11,14433.6,137620,91.5625,2052.481458,1.20,0.358,256.986,0.0348,0,0,0,0,0
7/1/2020,0.496818182,10.2,14567.8,139064,95.0144,2074.679222,1.17,0.392,258.278,0.0589,0,0,0,0,0
8/1/2020,0.545714286,8.4,14732,140799,95.8881,2086.237669,1.02,0.423,259.411,-0.0063,0,0,0,0,0
9/1/2020,0.570952381,7.9,14899.2,141760,95.8444,2122.724773,1.05,0.447,260.029,0.0173,0,0,0,0,0
10/1/2020,0.686666667,6.9,15128.9,142479,96.4292,2112.157396,1.09,0.449,260.286,0.0395,0,0,0,0,0
11/1/2020,0.778947368,6.7,15110.8,142743,96.8564,2089.002465,1.00,0.459,260.813,0.0426,0,0,0,0,0
12/1/2020,0.846363636,6.7,15124.8,142475,97.9754,2099.711871,0.90,0.458,262.035,0.0280,0,0,0,0,0
1/1/2021,0.997368421,6.3,15057.7,142969,98.7836,2167.557586,0.79,0.488,262.65,0.0249,0,0,0,0,1
2/1/2021,1.215263158,6.2,15068,143544,95.3744,2104.890039,0.72,0.453,263.638,0.0082,0,0,0,0,1
3/1/2021,1.579565217,6.1,15203.4,144328,98.1351,2323.671078,0.70,0.521,264.914,0.0602,0,0,0,0,1
4/1/2021,1.614090909,6.1,15323.2,144614,98.2886,2327.055912,0.70,0.491,266.67,0.0076,0,0,0,0,1
5/1/2021,1.603,5.8,15393.1,145096,99.1508,2292.388729,0.66,0.472,268.444,0.0181,0,0,0,0,1
6/1/2021,1.483181818,5.9,15440.9,145789,99.5096,2297.50997,0.66,0.484,270.559,0.0307,0,0,0,0,1
7/1/2021,1.266190476,5.4,15491.1,146558,100.1231,2253.403688,0.67,0.443,271.764,0.0219,0,0,0,1,0
8/1/2021,1.228636364,5.2,15480.9,147221,100.1255,2263.561403,0.69,0.424,272.87,-0.0008,0,0,0,1,0
9/1/2021,1.332857143,4.8,15513.3,147778,99.0614,2270.220561,0.70,0.432,274.028,0.0045,0,0,0,1,0
10/1/2021,1.5305,4.5,15565.9,148559,100.3045,2285.767498,0.67,0.423,276.522,0.0474,0,0,1,1,0
11/1/2021,1.508,4.2,15560.6,149173,101.1971,2293.515505,0.66,0.444,278.711,0.0027,0,0,1,1,0
12/1/2021,1.406363636,3.9,15500.8,149742,100.886,2262.824552,0.65,0.469,280.887,-0.0205,0,1,1,1,0
1/1/2022,1.6185,4,15399,150106,101.0227,2281.50135,0.66,0.422,282.599,-0.0290,1,1,1,0,0
2/1/2022,1.619473684,3.8,15379.6,151010,101.6766,2296.307227,0.72,0.442,284.61,-0.0089,1,1,1,0,0
3/1/2022,1.680434783,3.6,15315.8,151424,102.478,2320.3999,0.86,0.472,287.472,0.0012,1,1,1,0,0
4/1/2022,1.984,3.6,15315.5,151678,102.7953,2341.903115,0.90,0.45,288.611,-0.0787,1,1,0,0,0
5/1/2022,1.905238095,3.6,15304.5,152042,102.7769,2317.161514,0.99,0.463,291.268,-0.0337,1,1,0,0,0
6/1/2022,1.604761905,3.6,15242.6,152412,102.6863,2308.959447,1.03,0.482,294.728,0.0046,1,0,0,0,0
7/1/2022,0.598,3.5,15386.7,152980,103.1328,2293.814573,1.15,0.472,294.628,0.0645,0,0,0,0,0
8/1/2022,0.176086957,3.7,15434.7,153332,103.2344,2303.440336,1.08,0.513,295.32,-0.0728,0,0,0,0,0
9/1/2022,0.297142857,3.5,15466.3,153682,103.5283,2287.058363,1.10,0.49,296.539,-0.0309,0,0,0,0,0
10/1/2022,0.111,3.7,15426.4,154006,103.4114,2308.392648,1.16,0.476,297.987,0.0529,0,0,0,0,0
11/1/2022,-0.432,3.6,15405.3,154296,103.0707,2272.225534,1.17,0.515,298.598,0.0001,0,0,0,0,0
12/1/2022,-0.741904762,3.5,15402.2,154535,101.4848,2252.981705,1.16,0.498,298.99,0.0138,0,0,0,0,0
1/1/2023,-1.156,3.4,15496.1,155007,102.5478,2304.219794,1.10,0.501,300.536,0.0315,0,0,0,0,0
2/1/2023,-1.041052632,3.6,15529.2,155255,102.5671,2280.611839,1.03,0.504,301.648,-0.0259,0,0,0,0,0
3/1/2023,-1.195652174,3.5,15596.8,155472,102.6592,2258.631315,1.11,0.509,301.808,0.0400,0,0,0,0,0
4/1/2023,-1.6135,3.4,15592.2,155689,103.1512,2260.136407,1.06,0.532,302.918,0.0074,0,0,0,0,0
5/1/2023,-1.734545455,3.7,15622.4,155970,102.924,2272.244093,1.10,0.565,303.294,0.0494,0,0,0,0,0
6/1/2023,-1.667619048,3.6,15638,156075,102.303,2272.629434,1.10,0.548,303.841,0.0388,0,0,0,0,0
7/1/2023,-1.589,3.5,15680,156311,103.267,2281.647982,1.08,0.504,304.348,-0.0113,0,0,0,0,0
8/1/2023,-1.391304348,3.8,15710.9,156476,103.2927,2284.070539,1.07,0.544,306.269,0.0131,0,0,0,0,0
9/1/2023,-1.1765,3.8,15741.5,156773,103.3643,2295.104413,1.03,0.501,307.481,-0.0220,0,0,0,0,0
10/1/2023,-0.806666667,3.9,15785,156923,102.7081,2291.646485,1.02,0.475,307.619,0.0892,0,0,0,0,0