DATE,INDPRO
1/1/1919,4.8665
2/1/1919,4.6514
3/1/1919,4.517
4/1/1919,4.5976
5/1/1919,4.6245
6/1/1919,4.9203
7/1/1919,5.216
8/1/1919,5.2967
9/1/1919,5.1891
10/1/1919,5.1354
11/1/1919,5.0547
12/1/1919,5.1354
1/1/1920,5.6193
2/1/1920,5.6193
3/1/1920,5.5118
4/1/1920,5.216
5/1/1920,5.3505
6/1/1920,5.4042
7/1/1920,5.2698
8/1/1920,5.2967
9/1/1920,5.1085
10/1/1920,4.8934
11/1/1920,4.4901
12/1/1920,4.2212
1/1/1921,3.9792
2/1/1921,3.8986
3/1/1921,3.791
4/1/1921,3.791
5/1/1921,3.8986
6/1/1921,3.8717
7/1/1921,3.8448
8/1/1921,3.9792
9/1/1921,4.0061
10/1/1921,4.2481
11/1/1921,4.1943
12/1/1921,4.1674
1/1/1922,4.3288
2/1/1922,4.517
3/1/1922,4.7589
4/1/1922,4.5976
5/1/1922,4.8396
6/1/1922,5.0816
7/1/1922,5.0816
8/1/1922,4.974
9/1/1922,5.2429
10/1/1922,5.5387
11/1/1922,5.7806
12/1/1922,5.942
1/1/1923,5.8075
2/1/1923,5.8882
3/1/1923,6.0764
4/1/1923,6.2108
5/1/1923,6.2915
6/1/1923,6.2377
7/1/1923,6.1839
8/1/1923,6.0764
9/1/1923,5.942
10/1/1923,5.9151
11/1/1923,5.9151
12/1/1923,5.7806
1/1/1924,5.9151
2/1/1924,6.0226
3/1/1924,5.9151
4/1/1924,5.7269
5/1/1924,5.4849
6/1/1924,5.2429
7/1/1924,5.1622
8/1/1924,5.3505
9/1/1924,5.5387
10/1/1924,5.6731
11/1/1924,5.7806
12/1/1924,5.942
1/1/1925,6.1302
2/1/1925,6.1302
3/1/1925,6.1302
4/1/1925,6.1839
5/1/1925,6.1571
6/1/1925,6.1033
7/1/1925,6.2646
8/1/1925,6.1571
9/1/1925,6.0764
10/1/1925,6.3184
11/1/1925,6.4528
12/1/1925,6.5335
1/1/1926,6.4259
2/1/1926,6.4259
3/1/1926,6.5066
4/1/1926,6.5066
5/1/1926,6.4528
6/1/1926,6.5335
7/1/1926,6.5604
8/1/1926,6.641
9/1/1926,6.7486
10/1/1926,6.7486
11/1/1926,6.7217
12/1/1926,6.6948
1/1/1927,6.6679
2/1/1927,6.7217
3/1/1927,6.8023
4/1/1927,6.641
5/1/1927,6.6948
6/1/1927,6.6679
7/1/1927,6.5872
8/1/1927,6.5872
9/1/1927,6.4797
10/1/1927,6.3453
11/1/1927,6.3453
12/1/1927,6.3722
1/1/1928,6.5066
2/1/1928,6.5604
3/1/1928,6.6141
4/1/1928,6.5872
5/1/1928,6.6679
6/1/1928,6.7217
7/1/1928,6.8023
8/1/1928,6.9368
9/1/1928,6.9905
10/1/1928,7.125
11/1/1928,7.2594
12/1/1928,7.3938
1/1/1929,7.5014
2/1/1929,7.4745
3/1/1929,7.5014
4/1/1929,7.6358
5/1/1929,7.7703
6/1/1929,7.824
7/1/1929,7.9316
8/1/1929,7.8509
9/1/1929,7.7972
10/1/1929,7.6627
11/1/1929,7.2863
12/1/1929,6.9637
1/1/1930,6.9637
2/1/1930,6.9368
3/1/1930,6.8292
4/1/1930,6.7755
5/1/1930,6.6679
6/1/1930,6.4797
7/1/1930,6.1839
8/1/1930,6.0495
9/1/1930,5.942
10/1/1930,5.7806
11/1/1930,5.6462
12/1/1930,5.5118
1/1/1931,5.4849
2/1/1931,5.5118
3/1/1931,5.6193
4/1/1931,5.6462
5/1/1931,5.5656
6/1/1931,5.4311
7/1/1931,5.3505
8/1/1931,5.1622
9/1/1931,4.9203
10/1/1931,4.7321
11/1/1931,4.6783
12/1/1931,4.6514
1/1/1932,4.517
2/1/1932,4.4094
3/1/1932,4.3556
4/1/1932,4.0599
5/1/1932,3.9255
6/1/1932,3.791
7/1/1932,3.6835
8/1/1932,3.791
9/1/1932,4.033
10/1/1932,4.1674
11/1/1932,4.1674
12/1/1932,4.0868
1/1/1933,4.0061
2/1/1933,4.033
3/1/1933,3.791
4/1/1933,4.0599
5/1/1933,4.7321
6/1/1933,5.458
7/1/1933,5.9688
8/1/1933,5.7269
9/1/1933,5.4042
10/1/1933,5.1354
11/1/1933,4.8396
12/1/1933,4.8665
1/1/1934,5.0278
2/1/1934,5.2698
3/1/1934,5.5118
4/1/1934,5.5118
5/1/1934,5.6193
6/1/1934,5.5118
7/1/1934,5.1354
8/1/1934,5.0816
9/1/1934,4.7858
10/1/1934,5.0009
11/1/1934,5.0547
12/1/1934,5.3773
1/1/1935,5.8075
2/1/1935,5.9151
3/1/1935,5.8882
4/1/1935,5.7806
5/1/1935,5.7806
6/1/1935,5.8613
7/1/1935,5.8613
8/1/1935,6.0764
9/1/1935,6.2377
10/1/1935,6.4259
11/1/1935,6.5604
12/1/1935,6.641
1/1/1936,6.5335
2/1/1936,6.3722
3/1/1936,6.4528
4/1/1936,6.8561
5/1/1936,6.9905
6/1/1936,7.125
7/1/1936,7.2594
8/1/1936,7.367
9/1/1936,7.5014
10/1/1936,7.6089
11/1/1936,7.824
12/1/1936,8.066
1/1/1937,8.0391
2/1/1937,8.1467
3/1/1937,8.3349
4/1/1937,8.3349
5/1/1937,8.3618
6/1/1937,8.2542
7/1/1937,8.308
8/1/1937,8.2542
9/1/1937,7.9854
10/1/1937,7.3938
11/1/1937,6.6679
12/1/1937,6.0764
1/1/1938,5.942
2/1/1938,5.8882
3/1/1938,5.8882
4/1/1938,5.7806
5/1/1938,5.6462
6/1/1938,5.7
7/1/1938,6.0226
8/1/1938,6.3453
9/1/1938,6.5335
10/1/1938,6.6948
11/1/1938,6.9637
12/1/1938,7.0443
1/1/1939,7.0443
2/1/1939,7.0981
3/1/1939,7.125
4/1/1939,7.0981
5/1/1939,7.0712
6/1/1939,7.2325
7/1/1939,7.4476
8/1/1939,7.5552
9/1/1939,8.0122
10/1/1939,8.4155
11/1/1939,8.6306
12/1/1939,8.6306
1/1/1940,8.5231
2/1/1940,8.2542
3/1/1940,8.066
4/1/1940,8.2273
5/1/1940,8.4693
6/1/1940,8.7382
7/1/1940,8.8457
8/1/1940,8.8995
9/1/1940,9.0877
10/1/1940,9.2221
11/1/1940,9.4372
12/1/1940,9.7599
1/1/1941,10.0019
2/1/1941,10.2976
3/1/1941,10.6203
4/1/1941,10.6471
5/1/1941,11.1311
6/1/1941,11.2118
7/1/1941,11.3462
8/1/1941,11.4806
9/1/1941,11.4806
10/1/1941,11.5882
11/1/1941,11.642
12/1/1941,11.8302
1/1/1942,12.0721
2/1/1942,12.2872
3/1/1942,12.4217
4/1/1942,12.0721
5/1/1942,12.099
6/1/1942,12.1259
7/1/1942,12.4217
8/1/1942,12.7981
9/1/1942,13.0938
10/1/1942,13.524
11/1/1942,13.8467
12/1/1942,14.1693
1/1/1943,14.3037
2/1/1943,14.6801
3/1/1943,14.7877
4/1/1943,14.9759
5/1/1943,15.0834
6/1/1943,15.0028
7/1/1943,15.4599
8/1/1943,15.7825
9/1/1943,16.1858
10/1/1943,16.4278
11/1/1943,16.6429
12/1/1943,16.4278
1/1/1944,16.616
2/1/1944,16.7504
3/1/1944,16.7235
4/1/1944,16.7235
5/1/1944,16.616
6/1/1944,16.5622
7/1/1944,16.5353
8/1/1944,16.7504
9/1/1944,16.6429
10/1/1944,16.6967
11/1/1944,16.5622
12/1/1944,16.5084
1/1/1945,16.3471
2/1/1945,16.2934
3/1/1945,16.1858
4/1/1945,15.8901
5/1/1945,15.4599
6/1/1945,15.1103
7/1/1945,14.7608
8/1/1945,13.2283
9/1/1945,12.0453
10/1/1945,11.5613
11/1/1945,11.9915
12/1/1945,12.0453
1/1/1946,11.3731
2/1/1946,10.8085
3/1/1946,11.9377
4/1/1946,11.7226
5/1/1946,11.2924
6/1/1946,11.9915
7/1/1946,12.3948
8/1/1946,12.8519
9/1/1946,13.0938
10/1/1946,13.3358
11/1/1946,13.4165
12/1/1946,13.4971
1/1/1947,13.6585
2/1/1947,13.7391
3/1/1947,13.8198
4/1/1947,13.7122
5/1/1947,13.766
6/1/1947,13.766
7/1/1947,13.6853
8/1/1947,13.766
9/1/1947,13.8736
10/1/1947,14.008
11/1/1947,14.1962
12/1/1947,14.25
1/1/1948,14.3306
2/1/1948,14.3575
3/1/1948,14.1962
4/1/1948,14.2231
5/1/1948,14.4651
6/1/1948,14.6533
7/1/1948,14.6533
8/1/1948,14.5995
9/1/1948,14.4919
10/1/1948,14.5995
11/1/1948,14.4113
12/1/1948,14.2768
1/1/1949,14.1424
2/1/1949,14.008
3/1/1949,13.7391
4/1/1949,13.6585
5/1/1949,13.4702
6/1/1949,13.4434
7/1/1949,13.4165
8/1/1949,13.5509
9/1/1949,13.6854
10/1/1949,13.1745
11/1/1949,13.524
12/1/1949,13.766
1/1/1950,14.008
2/1/1950,14.0618
3/1/1950,14.5188
4/1/1950,15.0028
5/1/1950,15.3523
6/1/1950,15.8094
7/1/1950,16.3202
8/1/1950,16.8311
9/1/1950,16.7235
10/1/1950,16.8311
11/1/1950,16.8042
12/1/1950,17.1
1/1/1951,17.1537
2/1/1951,17.2613
3/1/1951,17.3419
4/1/1951,17.3688
5/1/1951,17.3151
6/1/1951,17.2344
7/1/1951,16.9655
8/1/1951,16.8042
9/1/1951,16.9118
10/1/1951,16.8849
11/1/1951,17.0193
12/1/1951,17.1268
1/1/1952,17.315
2/1/1952,17.4226
3/1/1952,17.4764
4/1/1952,17.315
5/1/1952,17.1537
6/1/1952,16.9924
7/1/1952,16.7235
8/1/1952,17.799
9/1/1952,18.4443
10/1/1952,18.6325
11/1/1952,19.0089
12/1/1952,19.1164
1/1/1953,19.1702
2/1/1953,19.2778
3/1/1953,19.4391
4/1/1953,19.5198
5/1/1953,19.6273
6/1/1953,19.5466
7/1/1953,19.7886
8/1/1953,19.6811
9/1/1953,19.2778
10/1/1953,19.1165
11/1/1953,18.6594
12/1/1953,18.2023
1/1/1954,18.0679
2/1/1954,18.1217
3/1/1954,18.0141
4/1/1954,17.9066
5/1/1954,18.0141
6/1/1954,18.0679
7/1/1954,18.0948
8/1/1954,18.0679
9/1/1954,18.0948
10/1/1954,18.3099
11/1/1954,18.6056
12/1/1954,18.8476
1/1/1955,19.2778
2/1/1955,19.5198
3/1/1955,19.9768
4/1/1955,20.2188
5/1/1955,20.5414
6/1/1955,20.5684
7/1/1955,20.7297
8/1/1955,20.7028
9/1/1955,20.8372
10/1/1955,21.1867
11/1/1955,21.2405
12/1/1955,21.3212
1/1/1956,21.4556
2/1/1956,21.2674
3/1/1956,21.2674
4/1/1956,21.4287
5/1/1956,21.2405
6/1/1956,21.0523
7/1/1956,20.407
8/1/1956,21.2405
9/1/1956,21.7245
10/1/1956,21.9127
11/1/1956,21.7245
12/1/1956,22.0471
1/1/1957,21.9665
2/1/1957,22.1816
3/1/1957,22.1547
4/1/1957,21.8589
5/1/1957,21.7782
6/1/1957,21.832
7/1/1957,21.9665
8/1/1957,21.9665
9/1/1957,21.7783
10/1/1957,21.4556
11/1/1957,20.9448
12/1/1957,20.5414
1/1/1958,20.165
2/1/1958,19.7349
3/1/1958,19.4929
4/1/1958,19.1702
5/1/1958,19.3584
6/1/1958,19.8693
7/1/1958,20.165
8/1/1958,20.5683
9/1/1958,20.7566
10/1/1958,20.9985
11/1/1958,21.6169
12/1/1958,21.6438
1/1/1959,21.9665
2/1/1959,22.3966
3/1/1959,22.7193
4/1/1959,23.2032
5/1/1959,23.5528
6/1/1959,23.5797
7/1/1959,23.015
8/1/1959,22.2353
9/1/1959,22.2084
10/1/1959,22.0471
11/1/1959,22.1816
12/1/1959,23.5528
1/1/1960,24.1712
2/1/1960,23.9561
3/1/1960,23.741
4/1/1960,23.5528
5/1/1960,23.5259
6/1/1960,23.2301
7/1/1960,23.1495
8/1/1960,23.1226
9/1/1960,22.8806
10/1/1960,22.8537
11/1/1960,22.5311
12/1/1960,22.1009
1/1/1961,22.1278
2/1/1961,22.1009
3/1/1961,22.2353
4/1/1961,22.6924
5/1/1961,23.0419
6/1/1961,23.3646
7/1/1961,23.6334
8/1/1961,23.8485
9/1/1961,23.8217
10/1/1961,24.2787
11/1/1961,24.6551
12/1/1961,24.8702
1/1/1962,24.6551
2/1/1962,25.0584
3/1/1962,25.1929
4/1/1962,25.2466
5/1/1962,25.2197
6/1/1962,25.166
7/1/1962,25.4079
8/1/1962,25.4348
9/1/1962,25.5962
10/1/1962,25.6231
11/1/1962,25.7306
12/1/1962,25.7306
1/1/1963,25.9188
2/1/1963,26.2146
3/1/1963,26.3759
4/1/1963,26.6179
5/1/1963,26.9405
6/1/1963,27.0212
7/1/1963,26.9136
8/1/1963,26.9674
9/1/1963,27.2362
10/1/1963,27.4245
11/1/1963,27.5589
12/1/1963,27.5051
1/1/1964,27.7471
2/1/1964,27.9353
3/1/1964,27.9353
4/1/1964,28.3924
5/1/1964,28.5537
6/1/1964,28.6344
7/1/1964,28.8226
8/1/1964,29.0108
9/1/1964,29.1183
10/1/1964,28.715
11/1/1964,29.6023
12/1/1964,29.9518
1/1/1965,30.2744
2/1/1965,30.4627
3/1/1965,30.866
4/1/1965,31.0004
5/1/1965,31.2424
6/1/1965,31.4844
7/1/1965,31.7801
8/1/1965,31.9145
9/1/1965,31.9952
10/1/1965,32.3179
11/1/1965,32.4523
12/1/1965,32.8556
1/1/1966,33.1782
2/1/1966,33.3933
3/1/1966,33.8504
4/1/1966,33.9042
5/1/1966,34.2268
6/1/1966,34.3881
7/1/1966,34.5763
8/1/1966,34.6032
9/1/1966,34.9259
10/1/1966,35.1678
11/1/1966,34.9258
12/1/1966,35.0065
1/1/1967,35.1716
2/1/1967,34.7727
3/1/1967,34.5767
4/1/1967,34.9028
5/1/1967,34.5983
6/1/1967,34.594
7/1/1967,34.5152
8/1/1967,35.1765
9/1/1967,35.1194
10/1/1967,35.4054
11/1/1967,35.9118
12/1/1967,36.2985
1/1/1968,36.2595
2/1/1968,36.3894
3/1/1968,36.503
4/1/1968,36.5558
5/1/1968,36.9659
6/1/1968,37.1017
7/1/1968,37.0448
8/1/1968,37.1482
9/1/1968,37.2889
10/1/1968,37.3629
11/1/1968,37.8462
12/1/1968,37.9657
1/1/1969,38.1954
2/1/1969,38.4398
3/1/1969,38.7412
4/1/1969,38.5987
5/1/1969,38.4528
6/1/1969,38.8285
7/1/1969,39.0334
8/1/1969,39.1231
9/1/1969,39.1143
10/1/1969,39.1258
11/1/1969,38.757
12/1/1969,38.653
1/1/1970,37.9372
2/1/1970,37.9122
3/1/1970,37.863
4/1/1970,37.7656
5/1/1970,37.7216
6/1/1970,37.5996
7/1/1970,37.6919
8/1/1970,37.6247
9/1/1970,37.3654
10/1/1970,36.6179
11/1/1970,36.3961
12/1/1970,37.232
1/1/1971,37.5184
2/1/1971,37.4469
3/1/1971,37.4063
4/1/1971,37.6164
5/1/1971,37.8073
6/1/1971,37.9658
7/1/1971,37.8556
8/1/1971,37.6359
9/1/1971,38.2476
10/1/1971,38.5339
11/1/1971,38.6974
12/1/1971,39.1441
1/1/1972,40.0823
2/1/1972,40.485
3/1/1972,40.7718
4/1/1972,41.1759
5/1/1972,41.1792
6/1/1972,41.2864
7/1/1972,41.2475
8/1/1972,41.8173
9/1/1972,42.1375
10/1/1972,42.6806
11/1/1972,43.1838
12/1/1972,43.669
1/1/1973,43.9874
2/1/1973,44.6275
3/1/1973,44.6439
4/1/1973,44.5779
5/1/1973,44.8726
6/1/1973,44.9269
7/1/1973,45.0921
8/1/1973,45.0305
9/1/1973,45.3912
10/1/1973,45.7542
11/1/1973,45.9606
12/1/1973,45.8321
1/1/1974,45.5297
2/1/1974,45.3982
3/1/1974,45.3907
4/1/1974,45.253
5/1/1974,45.6185
6/1/1974,45.5354
7/1/1974,45.6196
8/1/1974,45.1411
9/1/1974,45.1475
10/1/1974,45.0063
11/1/1974,43.5222
12/1/1974,41.9572
1/1/1975,41.3766
2/1/1975,40.4317
3/1/1975,39.9919
4/1/1975,40.066
5/1/1975,39.9521
6/1/1975,40.2049
7/1/1975,40.6187
8/1/1975,41.0204
9/1/1975,41.5526
10/1/1975,41.7303
11/1/1975,41.7882
12/1/1975,42.3527
1/1/1976,42.9179
2/1/1976,43.3469
3/1/1976,43.4396
4/1/1976,43.6562
5/1/1976,43.842
6/1/1976,43.8892
7/1/1976,44.1328
8/1/1976,44.4373
9/1/1976,44.5848
10/1/1976,44.5707
11/1/1976,45.2543
12/1/1976,45.7422
1/1/1977,45.4293
2/1/1977,46.1459
3/1/1977,46.7314
4/1/1977,47.188
5/1/1977,47.552
6/1/1977,47.9155
7/1/1977,47.9773
8/1/1977,48.0266
9/1/1977,48.2179
10/1/1977,48.295
11/1/1977,48.3823
12/1/1977,48.4679
1/1/1978,47.7604
2/1/1978,48.0271
3/1/1978,48.9459
4/1/1978,49.9198
5/1/1978,50.1602
6/1/1978,50.4826
7/1/1978,50.4464
8/1/1978,50.6531
9/1/1978,50.7724
10/1/1978,51.1649
11/1/1978,51.5582
12/1/1978,51.8153
1/1/1979,51.5359
2/1/1979,51.7994
3/1/1979,51.9544
4/1/1979,51.334
5/1/1979,51.7922
6/1/1979,51.7961
7/1/1979,51.7124
8/1/1979,51.3766
9/1/1979,51.3741
10/1/1979,51.7268
11/1/1979,51.6422
12/1/1979,51.6763
1/1/1980,51.9545
2/1/1980,51.9779
3/1/1980,51.7565
4/1/1980,50.7369
5/1/1980,49.49
6/1/1980,48.8505
7/1/1980,48.4997
8/1/1980,48.6554
9/1/1980,49.4677
10/1/1980,50.0947
11/1/1980,50.9311
12/1/1980,51.2644
1/1/1981,50.9453
2/1/1981,50.7332
3/1/1981,50.9922
4/1/1981,50.778
5/1/1981,51.0667
6/1/1981,51.3355
7/1/1981,51.6646
8/1/1981,51.6049
9/1/1981,51.3527
10/1/1981,50.9581
11/1/1981,50.3634
12/1/1981,49.8181
1/1/1982,48.7979
2/1/1982,49.7942
3/1/1982,49.459
4/1/1982,49.0072
5/1/1982,48.6784
6/1/1982,48.5529
7/1/1982,48.3859
8/1/1982,47.9495
9/1/1982,47.8258
10/1/1982,47.3656
11/1/1982,47.2148
12/1/1982,46.8797
1/1/1983,47.7491
2/1/1983,47.4548
3/1/1983,47.8516
4/1/1983,48.4511
5/1/1983,48.7542
6/1/1983,49.0496
7/1/1983,49.7773
8/1/1983,50.3727
9/1/1983,51.098
10/1/1983,51.4993
11/1/1983,51.727
12/1/1983,51.9886
1/1/1984,53.0175
2/1/1984,53.2651
3/1/1984,53.5145
4/1/1984,53.8319
5/1/1984,54.1204
6/1/1984,54.3133
7/1/1984,54.4644
8/1/1984,54.53
9/1/1984,54.3775
10/1/1984,54.3528
11/1/1984,54.5344
12/1/1984,54.5608
1/1/1985,54.5342
2/1/1985,54.7019
3/1/1985,54.7739
4/1/1985,54.6662
5/1/1985,54.7472
6/1/1985,54.7211
7/1/1985,54.4381
8/1/1985,54.619
9/1/1985,54.82
10/1/1985,54.6304
11/1/1985,54.8176
12/1/1985,55.3596
1/1/1986,55.6511
2/1/1986,55.27
3/1/1986,54.8828
4/1/1986,54.9456
5/1/1986,55.0535
6/1/1986,54.837
7/1/1986,55.1716
8/1/1986,55.0792
9/1/1986,55.2317
10/1/1986,55.4645
11/1/1986,55.6854
12/1/1986,56.212
1/1/1987,56.0012
2/1/1987,56.7438
3/1/1987,56.8235
4/1/1987,57.1954
5/1/1987,57.5498
6/1/1987,57.8603
7/1/1987,58.2501
8/1/1987,58.6889
9/1/1987,58.9137
10/1/1987,59.7083
11/1/1987,60.0022
12/1/1987,60.3336
1/1/1988,60.3186
2/1/1988,60.6209
3/1/1988,60.7591
4/1/1988,61.1144
5/1/1988,60.9952
6/1/1988,61.1697
7/1/1988,61.1749
8/1/1988,61.4851
9/1/1988,61.2844
10/1/1988,61.5595
11/1/1988,61.7128
12/1/1988,61.9983
1/1/1989,62.1789
2/1/1989,61.9074
3/1/1989,62.0592
4/1/1989,62.0424
5/1/1989,61.6948
6/1/1989,61.6915
7/1/1989,61.0978
8/1/1989,61.6949
9/1/1989,61.4839
10/1/1989,61.4105
11/1/1989,61.6172
12/1/1989,61.9635
1/1/1990,61.644
2/1/1990,62.2108
3/1/1990,62.5068
4/1/1990,62.3597
5/1/1990,62.5474
6/1/1990,62.7541
7/1/1990,62.6497
8/1/1990,62.8761
9/1/1990,62.896
10/1/1990,62.506
11/1/1990,61.7271
12/1/1990,61.2939
1/1/1991,61.0931
2/1/1991,60.6522
3/1/1991,60.3069
4/1/1991,60.4658
5/1/1991,61.0671
6/1/1991,61.5611
7/1/1991,61.723
8/1/1991,61.736
9/1/1991,62.2464
10/1/1991,62.1825
11/1/1991,62.0983
12/1/1991,61.8108
1/1/1992,61.4898
2/1/1992,61.9299
3/1/1992,62.449
4/1/1992,62.9312
5/1/1992,63.1359
6/1/1992,63.1736
7/1/1992,63.7408
8/1/1992,63.3917
9/1/1992,63.5927
10/1/1992,64.0282
11/1/1992,64.2732
12/1/1992,64.3668
1/1/1993,64.6256
2/1/1993,64.929
3/1/1993,64.872
4/1/1993,65.0611
5/1/1993,64.8104
6/1/1993,64.9553
7/1/1993,65.1198
8/1/1993,65.0494
9/1/1993,65.3882
10/1/1993,65.8702
11/1/1993,66.1779
12/1/1993,66.5602
1/1/1994,66.7722
2/1/1994,66.8068
3/1/1994,67.4832
4/1/1994,67.8771
5/1/1994,68.1961
6/1/1994,68.6526
7/1/1994,68.7353
8/1/1994,69.1954
9/1/1994,69.4017
10/1/1994,69.969
11/1/1994,70.4367
12/1/1994,71.1413
1/1/1995,71.2762
2/1/1995,71.1904
3/1/1995,71.2891
4/1/1995,71.1623
5/1/1995,71.5044
6/1/1995,71.743
7/1/1995,71.4459
8/1/1995,72.38
9/1/1995,72.6601
10/1/1995,72.5428
11/1/1995,72.7178
12/1/1995,72.9672
1/1/1996,72.5866
2/1/1996,73.6389
3/1/1996,73.5202
4/1/1996,74.2664
5/1/1996,74.8145
6/1/1996,75.3779
7/1/1996,75.3754
8/1/1996,75.7568
9/1/1996,76.2304
10/1/1996,76.2193
11/1/1996,76.8941
12/1/1996,77.3731
1/1/1997,77.5138
2/1/1997,78.4246
3/1/1997,78.9266
4/1/1997,78.9924
5/1/1997,79.4411
6/1/1997,79.8048
7/1/1997,80.48
8/1/1997,81.2862
9/1/1997,82.038
10/1/1997,82.7657
11/1/1997,83.4321
12/1/1997,83.7826
1/1/1998,84.1656
2/1/1998,84.3048
3/1/1998,84.3416
4/1/1998,84.6263
5/1/1998,85.1839
6/1/1998,84.6809
7/1/1998,84.3448
8/1/1998,86.0846
9/1/1998,85.9945
10/1/1998,86.5967
11/1/1998,86.5114
12/1/1998,86.8608
1/1/1999,87.2277
2/1/1999,87.7266
3/1/1999,87.9203
4/1/1999,88.1153
5/1/1999,88.6554
6/1/1999,88.5958
7/1/1999,89.1235
8/1/1999,89.5116
9/1/1999,89.1361
10/1/1999,90.2842
11/1/1999,90.7631
12/1/1999,91.4926
1/1/2000,91.4251
2/1/2000,91.7357
3/1/2000,92.0933
4/1/2000,92.6838
5/1/2000,92.9376
6/1/2000,93.0076
7/1/2000,92.8458
8/1/2000,92.5972
9/1/2000,92.9653
10/1/2000,92.6418
11/1/2000,92.6618
12/1/2000,92.3459
1/1/2001,91.8903
2/1/2001,91.2915
3/1/2001,91.0526
4/1/2001,90.7293
5/1/2001,90.2577
6/1/2001,89.7677
7/1/2001,89.226
8/1/2001,89.1326
9/1/2001,88.6679
10/1/2001,88.3926
11/1/2001,87.8774
12/1/2001,87.8344
1/1/2002,88.4665
2/1/2002,88.4661
3/1/2002,89.1228
4/1/2002,89.5532
5/1/2002,89.934
6/1/2002,90.6769
7/1/2002,90.6455
8/1/2002,90.5475
9/1/2002,90.6381
10/1/2002,90.4041
11/1/2002,90.8985
12/1/2002,90.389
1/1/2003,91.1355
2/1/2003,91.2502
3/1/2003,91.0059
4/1/2003,90.4281
5/1/2003,90.4073
6/1/2003,90.5218
7/1/2003,90.9896
8/1/2003,90.7858
9/1/2003,91.3829
10/1/2003,91.5005
11/1/2003,92.1265
12/1/2003,92.1722
1/1/2004,92.327
2/1/2004,92.8873
3/1/2004,92.5325
4/1/2004,92.9096
5/1/2004,93.5838
6/1/2004,92.8621
7/1/2004,93.5511
8/1/2004,93.6328
9/1/2004,93.7418
10/1/2004,94.5671
11/1/2004,94.8
12/1/2004,95.5426
1/1/2005,95.8831
2/1/2005,96.5616
3/1/2005,96.4371
4/1/2005,96.628
5/1/2005,96.7306
6/1/2005,97.1488
7/1/2005,96.8383
8/1/2005,97.1603
9/1/2005,95.2729
10/1/2005,96.4383
11/1/2005,97.4951
12/1/2005,97.9788
1/1/2006,98.1305
2/1/2006,98.1779
3/1/2006,98.3898
4/1/2006,98.6769
5/1/2006,98.7052
6/1/2006,99.0427
7/1/2006,98.9804
8/1/2006,99.4106
9/1/2006,99.2207
10/1/2006,99.1253
11/1/2006,99.0969
12/1/2006,100.1122
1/1/2007,99.7571
2/1/2007,100.7275
3/1/2007,100.9023
4/1/2007,101.5874
5/1/2007,101.6299
6/1/2007,101.6482
7/1/2007,101.4925
8/1/2007,101.6874
9/1/2007,101.9398
10/1/2007,101.6345
11/1/2007,102.2068
12/1/2007,102.2604
1/1/2008,102.14
2/1/2008,101.7671
3/1/2008,101.4355
4/1/2008,100.7424
5/1/2008,100.132
6/1/2008,99.8651
7/1/2008,99.4214
8/1/2008,97.8448
9/1/2008,93.559
10/1/2008,94.4956
11/1/2008,93.2689
12/1/2008,90.628
1/1/2009,88.3811
2/1/2009,87.8412
3/1/2009,86.4794
4/1/2009,85.7883
5/1/2009,84.9516
6/1/2009,84.6928
7/1/2009,85.7044
8/1/2009,86.6617
9/1/2009,87.4033
10/1/2009,87.6035
11/1/2009,87.9559
12/1/2009,88.2468
1/1/2010,89.1911
2/1/2010,89.4972
3/1/2010,90.1419
4/1/2010,90.4591
5/1/2010,91.702
6/1/2010,91.8997
7/1/2010,92.2522
8/1/2010,92.5899
9/1/2010,92.8564
10/1/2010,92.6037
11/1/2010,92.6773
12/1/2010,93.5851
1/1/2011,93.3944
2/1/2011,92.993
3/1/2011,93.982
4/1/2011,93.6525
5/1/2011,93.7775
6/1/2011,94.0467
7/1/2011,94.4931
8/1/2011,95.0969
9/1/2011,95.0281
10/1/2011,95.6924
11/1/2011,95.6913
12/1/2011,96.1938
1/1/2012,96.779
2/1/2012,97.0959
3/1/2012,96.5919
4/1/2012,97.2942
5/1/2012,97.4853
6/1/2012,97.4959
7/1/2012,97.6922
8/1/2012,97.3061
9/1/2012,97.2383
10/1/2012,97.5425
11/1/2012,97.934
12/1/2012,98.1984
1/1/2013,98.2029
2/1/2013,98.6733
3/1/2013,99.0788
4/1/2013,98.9658
5/1/2013,99.0567
6/1/2013,99.2424
7/1/2013,98.9258
8/1/2013,99.5059
9/1/2013,100.0391
10/1/2013,99.9203
11/1/2013,100.1661
12/1/2013,100.3777
1/1/2014,99.999
2/1/2014,100.7583
3/1/2014,101.7767
4/1/2014,101.8425
5/1/2014,102.2594
6/1/2014,102.5986
7/1/2014,102.8163
8/1/2014,102.6562
9/1/2014,102.9776
10/1/2014,102.9892
11/1/2014,103.6402
12/1/2014,103.6345
1/1/2015,102.8239
2/1/2015,102.1513
3/1/2015,101.824
4/1/2015,101.244
5/1/2015,100.783
6/1/2015,100.4781
7/1/2015,101.1052
8/1/2015,100.9442
9/1/2015,100.6507
10/1/2015,100.1871
11/1/2015,99.4382
12/1/2015,98.939
1/1/2016,99.4558
2/1/2016,98.9136
3/1/2016,98.1907
4/1/2016,98.4669
5/1/2016,98.2518
6/1/2016,98.7275
7/1/2016,98.836
8/1/2016,98.7554
9/1/2016,98.6596
10/1/2016,98.7322
11/1/2016,98.3452
12/1/2016,99.0314
1/1/2017,98.7987
2/1/2017,98.4322
3/1/2017,99.0663
4/1/2017,100.0082
5/1/2017,100.1286
6/1/2017,100.3233
7/1/2017,100.0947
8/1/2017,99.6642
9/1/2017,99.7686
10/1/2017,100.9981
11/1/2017,101.2597
12/1/2017,101.4573
1/1/2018,101.3939
2/1/2018,101.7656
3/1/2018,102.2441
4/1/2018,103.3468
5/1/2018,102.3911
6/1/2018,103.1924
7/1/2018,103.3334
8/1/2018,104.0807
9/1/2018,104.1181
10/1/2018,103.9397
11/1/2018,104.0007
12/1/2018,103.9946
1/1/2019,103.373
2/1/2019,102.8292
3/1/2019,102.8286
4/1/2019,102.2481
5/1/2019,102.4192
6/1/2019,102.4893
7/1/2019,102.0236
8/1/2019,102.7754
9/1/2019,102.5315
10/1/2019,101.6022
11/1/2019,102.148
12/1/2019,101.884
1/1/2020,101.3768
2/1/2020,101.633
3/1/2020,97.6672
4/1/2020,84.5979
5/1/2020,85.9732
6/1/2020,91.5625
7/1/2020,95.0144
8/1/2020,95.8881
9/1/2020,95.8444
10/1/2020,96.4292
11/1/2020,96.8564
12/1/2020,97.9754
1/1/2021,98.7836
2/1/2021,95.3744
3/1/2021,98.1351
4/1/2021,98.2886
5/1/2021,99.1508
6/1/2021,99.5096
7/1/2021,100.1231
8/1/2021,100.1255
9/1/2021,99.0614
10/1/2021,100.3045
11/1/2021,101.1971
12/1/2021,100.886
1/1/2022,101.0227
2/1/2022,101.6766
3/1/2022,102.478
4/1/2022,102.7953
5/1/2022,102.7769
6/1/2022,102.6863
7/1/2022,103.1328
8/1/2022,103.2344
9/1/2022,103.5283
10/1/2022,103.4114
11/1/2022,103.0707
12/1/2022,101.4848
1/1/2023,102.5478
2/1/2023,102.5671
3/1/2023,102.6592
4/1/2023,103.1512
5/1/2023,102.924
6/1/2023,102.303
7/1/2023,103.267
8/1/2023,103.2927
9/1/2023,103.3643
10/1/2023,102.7081
